-- phpMyAdmin SQL Dump
-- version 5.2.1
-- https://www.phpmyadmin.net/
--
-- Host: 127.0.0.1
-- Generation Time: Oct 12, 2025 at 10:24 PM
-- Server version: 10.4.32-MariaDB
-- PHP Version: 8.2.12

SET SQL_MODE = "NO_AUTO_VALUE_ON_ZERO";
START TRANSACTION;
SET time_zone = "+00:00";


/*!40101 SET @OLD_CHARACTER_SET_CLIENT=@@CHARACTER_SET_CLIENT */;
/*!40101 SET @OLD_CHARACTER_SET_RESULTS=@@CHARACTER_SET_RESULTS */;
/*!40101 SET @OLD_COLLATION_CONNECTION=@@COLLATION_CONNECTION */;
/*!40101 SET NAMES utf8mb4 */;

--
-- Database: `ccsync_api`
--

-- --------------------------------------------------------

--
-- Table structure for table `cache`
--

CREATE TABLE `cache` (
  `key` varchar(255) NOT NULL,
  `value` mediumtext NOT NULL,
  `expiration` int(11) NOT NULL
) ENGINE=InnoDB DEFAULT CHARSET=utf8mb4 COLLATE=utf8mb4_unicode_ci;

-- --------------------------------------------------------

--
-- Table structure for table `cache_locks`
--

CREATE TABLE `cache_locks` (
  `key` varchar(255) NOT NULL,
  `owner` varchar(255) NOT NULL,
  `expiration` int(11) NOT NULL
) ENGINE=InnoDB DEFAULT CHARSET=utf8mb4 COLLATE=utf8mb4_unicode_ci;

-- --------------------------------------------------------

--
-- Table structure for table `events`
--

CREATE TABLE `events` (
  `id` bigint(20) UNSIGNED NOT NULL,
  `name` varchar(255) NOT NULL,
  `description` text DEFAULT NULL,
  `venue` varchar(255) NOT NULL,
  `event_date` date NOT NULL,
  `time_from` time NOT NULL,
  `time_to` time NOT NULL,
  `registration_start` date NOT NULL,
  `registration_end` date NOT NULL,
  `max_participants` int(10) UNSIGNED NOT NULL,
  `status` enum('open','closed','cancelled') NOT NULL DEFAULT 'open',
  `created_at` timestamp NULL DEFAULT NULL,
  `updated_at` timestamp NULL DEFAULT NULL
) ;

--
-- Dumping data for table `events`
--

INSERT INTO `events` (`id`, `name`, `description`, `venue`, `event_date`, `time_from`, `time_to`, `registration_start`, `registration_end`, `max_participants`, `status`, `created_at`, `updated_at`) VALUES
(1, 'CCS Acquaintance Party', 'A casual gathering to get to know each other.', 'Room 219', '2024-07-01', '10:00:00', '15:00:00', '2024-06-01', '2024-06-30', 150, 'open', '2025-09-29 14:49:29', '2025-09-29 14:49:29'),
(2, 'Intramurals', 'A friendly sports competition between teams.', 'Auditorium', '2024-07-05', '09:00:00', '17:00:00', '2024-06-01', '2024-07-04', 300, 'open', '2025-09-29 14:49:29', '2025-09-29 14:49:29'),
(3, 'Game Development Workshop', 'Voluptate molestiae quae quo est a voluptate et facilis molestias quia iste quibusdam.', 'Conference Room A', '2025-10-30', '10:00:00', '14:45:00', '2025-09-12', '2025-10-29', 167, 'cancelled', '2025-09-29 14:49:29', '2025-09-29 14:49:29'),
(4, 'Programming Contest', 'Doloremque quasi sunt ut qui atque ut expedita ad debitis ut dolorum ullam.', 'Computer Laboratory', '2026-02-03', '10:45:00', '15:00:00', '2025-09-07', '2026-01-20', 309, 'closed', '2025-09-29 14:49:29', '2025-09-29 14:49:29'),
(5, 'Coding Bootcamp', 'Voluptatum quo delectus atque vel maxime ut quam voluptatem debitis perferendis facere voluptas.', 'Computer Laboratory', '2025-12-27', '11:30:00', '15:00:00', '2025-09-07', '2025-11-26', 144, 'closed', '2025-09-29 14:49:29', '2025-09-29 14:49:29'),
(6, 'Alumni Homecoming', 'Dolores consequuntur voluptatem iure quibusdam aut maxime non nihil et harum esse nihil.', 'Conference Room A', '2026-03-29', '15:45:00', '21:30:00', '2025-09-06', '2026-01-09', 189, 'closed', '2025-09-29 14:49:29', '2025-09-29 14:49:29'),
(7, 'Tech Talk: Web Development', 'Velit dolor omnis sequi ut amet libero nihil.', 'Room 219', '2026-03-19', '11:00:00', '18:30:00', '2025-09-15', '2026-02-02', 137, 'open', '2025-09-29 14:49:29', '2025-09-29 14:49:29'),
(8, 'Coding Bootcamp', 'Vel ipsam porro quia aut blanditiis magnam et sit ipsa ullam velit quo unde.', 'Room 219', '2025-12-12', '13:30:00', '16:15:00', '2025-09-02', '2025-09-26', 482, 'cancelled', '2025-09-29 14:49:29', '2025-09-29 14:49:29'),
(9, 'Intramurals', 'Voluptas id nemo placeat aliquid doloremque qui.', 'Room 219', '2025-10-24', '12:30:00', '16:00:00', '2025-09-10', '2025-09-19', 464, 'closed', '2025-09-29 14:49:29', '2025-09-29 14:49:29'),
(10, 'Game Development Workshop', 'Amet consequatur omnis quis cumque est sunt atque sit placeat ipsam aut adipisci.', 'Gymnasium', '2026-03-07', '12:30:00', '15:15:00', '2025-09-23', '2025-11-01', 420, 'cancelled', '2025-09-29 14:49:29', '2025-09-29 14:49:29');

-- --------------------------------------------------------

--
-- Table structure for table `event_registrations`
--

CREATE TABLE `event_registrations` (
  `id` bigint(20) UNSIGNED NOT NULL,
  `event_id` bigint(20) UNSIGNED NOT NULL,
  `member_id` bigint(20) UNSIGNED NOT NULL,
  `registered_at` timestamp NOT NULL DEFAULT current_timestamp(),
  `created_at` timestamp NULL DEFAULT NULL,
  `updated_at` timestamp NULL DEFAULT NULL
) ENGINE=InnoDB DEFAULT CHARSET=utf8mb4 COLLATE=utf8mb4_unicode_ci;

--
-- Dumping data for table `event_registrations`
--

INSERT INTO `event_registrations` (`id`, `event_id`, `member_id`, `registered_at`, `created_at`, `updated_at`) VALUES
(1, 1, 189, '2025-08-30 14:49:29', '2025-09-29 14:49:29', '2025-09-29 14:49:29'),
(2, 1, 35, '2025-09-18 14:49:29', '2025-09-29 14:49:29', '2025-09-29 14:49:29'),
(3, 1, 109, '2025-09-26 14:49:29', '2025-09-29 14:49:29', '2025-09-29 14:49:29'),
(4, 1, 202, '2025-09-17 14:49:29', '2025-09-29 14:49:29', '2025-09-29 14:49:29'),
(5, 1, 231, '2025-09-18 14:49:29', '2025-09-29 14:49:29', '2025-09-29 14:49:29'),
(6, 1, 103, '2025-09-14 14:49:29', '2025-09-29 14:49:29', '2025-09-29 14:49:29'),
(7, 1, 179, '2025-09-03 14:49:29', '2025-09-29 14:49:29', '2025-09-29 14:49:29'),
(8, 1, 244, '2025-08-31 14:49:29', '2025-09-29 14:49:29', '2025-09-29 14:49:29'),
(9, 1, 131, '2025-09-16 14:49:29', '2025-09-29 14:49:29', '2025-09-29 14:49:29'),
(10, 1, 54, '2025-09-16 14:49:29', '2025-09-29 14:49:29', '2025-09-29 14:49:29'),
(11, 1, 81, '2025-09-24 14:49:29', '2025-09-29 14:49:29', '2025-09-29 14:49:29'),
(12, 1, 277, '2025-09-10 14:49:29', '2025-09-29 14:49:29', '2025-09-29 14:49:29'),
(13, 1, 22, '2025-09-13 14:49:29', '2025-09-29 14:49:29', '2025-09-29 14:49:29'),
(14, 1, 193, '2025-09-03 14:49:29', '2025-09-29 14:49:29', '2025-09-29 14:49:29'),
(15, 1, 271, '2025-08-30 14:49:29', '2025-09-29 14:49:29', '2025-09-29 14:49:29'),
(16, 1, 242, '2025-09-15 14:49:29', '2025-09-29 14:49:29', '2025-09-29 14:49:29'),
(17, 1, 18, '2025-09-28 14:49:29', '2025-09-29 14:49:29', '2025-09-29 14:49:29'),
(18, 1, 176, '2025-09-17 14:49:29', '2025-09-29 14:49:29', '2025-09-29 14:49:29'),
(19, 1, 154, '2025-09-26 14:49:29', '2025-09-29 14:49:29', '2025-09-29 14:49:29'),
(20, 1, 228, '2025-09-26 14:49:29', '2025-09-29 14:49:29', '2025-09-29 14:49:29'),
(21, 1, 26, '2025-09-20 14:49:29', '2025-09-29 14:49:29', '2025-09-29 14:49:29'),
(22, 1, 164, '2025-08-31 14:49:29', '2025-09-29 14:49:29', '2025-09-29 14:49:29'),
(23, 1, 171, '2025-09-19 14:49:29', '2025-09-29 14:49:29', '2025-09-29 14:49:29'),
(24, 1, 52, '2025-09-04 14:49:29', '2025-09-29 14:49:29', '2025-09-29 14:49:29'),
(25, 1, 127, '2025-09-03 14:49:29', '2025-09-29 14:49:29', '2025-09-29 14:49:29'),
(26, 1, 188, '2025-09-25 14:49:29', '2025-09-29 14:49:29', '2025-09-29 14:49:29'),
(27, 1, 298, '2025-09-03 14:49:29', '2025-09-29 14:49:29', '2025-09-29 14:49:29'),
(28, 1, 263, '2025-09-05 14:49:29', '2025-09-29 14:49:29', '2025-09-29 14:49:29'),
(29, 1, 120, '2025-09-25 14:49:29', '2025-09-29 14:49:29', '2025-09-29 14:49:29'),
(30, 1, 257, '2025-09-15 14:49:29', '2025-09-29 14:49:29', '2025-09-29 14:49:29'),
(31, 1, 2, '2025-09-01 14:49:29', '2025-09-29 14:49:29', '2025-09-29 14:49:29'),
(32, 2, 241, '2025-09-26 14:49:29', '2025-09-29 14:49:29', '2025-09-29 14:49:29'),
(33, 2, 162, '2025-09-03 14:49:29', '2025-09-29 14:49:29', '2025-09-29 14:49:29'),
(34, 2, 67, '2025-09-04 14:49:29', '2025-09-29 14:49:29', '2025-09-29 14:49:29'),
(35, 2, 288, '2025-09-27 14:49:29', '2025-09-29 14:49:29', '2025-09-29 14:49:29'),
(36, 2, 53, '2025-09-13 14:49:29', '2025-09-29 14:49:29', '2025-09-29 14:49:29'),
(37, 2, 22, '2025-09-12 14:49:29', '2025-09-29 14:49:29', '2025-09-29 14:49:29'),
(38, 2, 4, '2025-09-15 14:49:29', '2025-09-29 14:49:29', '2025-09-29 14:49:29'),
(39, 2, 16, '2025-09-23 14:49:29', '2025-09-29 14:49:29', '2025-09-29 14:49:29'),
(40, 2, 54, '2025-09-18 14:49:29', '2025-09-29 14:49:29', '2025-09-29 14:49:29'),
(41, 2, 62, '2025-09-05 14:49:29', '2025-09-29 14:49:29', '2025-09-29 14:49:29'),
(42, 2, 156, '2025-09-18 14:49:29', '2025-09-29 14:49:29', '2025-09-29 14:49:29'),
(43, 2, 137, '2025-09-25 14:49:29', '2025-09-29 14:49:29', '2025-09-29 14:49:29'),
(44, 2, 233, '2025-09-23 14:49:29', '2025-09-29 14:49:29', '2025-09-29 14:49:29'),
(45, 2, 50, '2025-09-04 14:49:29', '2025-09-29 14:49:29', '2025-09-29 14:49:29'),
(46, 3, 86, '2025-09-17 00:01:54', '2025-09-29 14:49:29', '2025-09-29 14:49:29'),
(47, 3, 165, '2025-09-26 01:06:40', '2025-09-29 14:49:29', '2025-09-29 14:49:29'),
(48, 3, 281, '2025-09-15 21:07:58', '2025-09-29 14:49:29', '2025-09-29 14:49:29'),
(49, 3, 110, '2025-09-28 16:55:03', '2025-09-29 14:49:29', '2025-09-29 14:49:29'),
(50, 3, 252, '2025-09-18 12:31:15', '2025-09-29 14:49:29', '2025-09-29 14:49:29'),
(51, 3, 164, '2025-09-12 19:59:23', '2025-09-29 14:49:29', '2025-09-29 14:49:29'),
(52, 3, 244, '2025-09-25 04:54:38', '2025-09-29 14:49:29', '2025-09-29 14:49:29'),
(53, 3, 176, '2025-09-20 07:53:05', '2025-09-29 14:49:29', '2025-09-29 14:49:29'),
(54, 3, 32, '2025-09-14 17:33:59', '2025-09-29 14:49:29', '2025-09-29 14:49:29'),
(55, 3, 63, '2025-09-17 23:28:01', '2025-09-29 14:49:29', '2025-09-29 14:49:29'),
(56, 3, 93, '2025-09-27 17:03:17', '2025-09-29 14:49:29', '2025-09-29 14:49:29'),
(57, 3, 280, '2025-09-15 04:42:47', '2025-09-29 14:49:29', '2025-09-29 14:49:29'),
(58, 3, 186, '2025-09-27 12:02:47', '2025-09-29 14:49:29', '2025-09-29 14:49:29'),
(59, 3, 225, '2025-09-15 02:52:11', '2025-09-29 14:49:29', '2025-09-29 14:49:29'),
(60, 3, 219, '2025-09-23 16:29:02', '2025-09-29 14:49:29', '2025-09-29 14:49:29'),
(61, 3, 115, '2025-09-20 12:39:34', '2025-09-29 14:49:29', '2025-09-29 14:49:29'),
(62, 3, 204, '2025-09-25 04:00:02', '2025-09-29 14:49:29', '2025-09-29 14:49:29'),
(63, 3, 272, '2025-09-19 10:31:27', '2025-09-29 14:49:29', '2025-09-29 14:49:29'),
(64, 3, 233, '2025-09-12 04:45:06', '2025-09-29 14:49:29', '2025-09-29 14:49:29'),
(65, 3, 279, '2025-09-20 04:14:09', '2025-09-29 14:49:29', '2025-09-29 14:49:29'),
(66, 3, 14, '2025-09-15 15:30:37', '2025-09-29 14:49:29', '2025-09-29 14:49:29'),
(67, 3, 160, '2025-09-16 15:47:34', '2025-09-29 14:49:29', '2025-09-29 14:49:29'),
(68, 3, 216, '2025-09-16 07:15:55', '2025-09-29 14:49:29', '2025-09-29 14:49:29'),
(69, 3, 180, '2025-09-22 14:08:02', '2025-09-29 14:49:29', '2025-09-29 14:49:29'),
(70, 3, 249, '2025-09-20 03:11:22', '2025-09-29 14:49:29', '2025-09-29 14:49:29'),
(71, 3, 3, '2025-09-24 17:04:49', '2025-09-29 14:49:29', '2025-09-29 14:49:29'),
(72, 4, 254, '2025-09-18 18:11:02', '2025-09-29 14:49:29', '2025-09-29 14:49:29'),
(73, 4, 64, '2025-09-18 19:39:59', '2025-09-29 14:49:29', '2025-09-29 14:49:29'),
(74, 4, 112, '2025-09-09 09:18:02', '2025-09-29 14:49:29', '2025-09-29 14:49:29'),
(75, 4, 196, '2025-09-08 07:23:50', '2025-09-29 14:49:29', '2025-09-29 14:49:29'),
(76, 4, 255, '2025-09-18 16:58:19', '2025-09-29 14:49:29', '2025-09-29 14:49:29'),
(77, 5, 189, '2025-09-13 17:24:46', '2025-09-29 14:49:29', '2025-09-29 14:49:29'),
(78, 5, 87, '2025-09-27 20:01:55', '2025-09-29 14:49:29', '2025-09-29 14:49:29'),
(79, 5, 48, '2025-09-10 07:22:11', '2025-09-29 14:49:29', '2025-09-29 14:49:29'),
(80, 5, 297, '2025-09-18 09:11:12', '2025-09-29 14:49:29', '2025-09-29 14:49:29'),
(81, 5, 107, '2025-09-14 20:08:22', '2025-09-29 14:49:29', '2025-09-29 14:49:29'),
(82, 5, 15, '2025-09-19 21:32:11', '2025-09-29 14:49:29', '2025-09-29 14:49:29'),
(83, 5, 200, '2025-09-10 23:05:29', '2025-09-29 14:49:29', '2025-09-29 14:49:29'),
(84, 5, 63, '2025-09-16 14:30:00', '2025-09-29 14:49:29', '2025-09-29 14:49:29'),
(85, 5, 170, '2025-09-29 13:51:10', '2025-09-29 14:49:29', '2025-09-29 14:49:29'),
(86, 5, 268, '2025-09-16 10:49:11', '2025-09-29 14:49:29', '2025-09-29 14:49:29'),
(87, 5, 51, '2025-09-07 05:43:48', '2025-09-29 14:49:29', '2025-09-29 14:49:29'),
(88, 5, 117, '2025-09-24 20:41:52', '2025-09-29 14:49:29', '2025-09-29 14:49:29'),
(89, 5, 193, '2025-09-16 03:47:24', '2025-09-29 14:49:29', '2025-09-29 14:49:29'),
(90, 5, 208, '2025-09-17 00:07:21', '2025-09-29 14:49:29', '2025-09-29 14:49:29'),
(91, 5, 215, '2025-09-08 15:44:54', '2025-09-29 14:49:29', '2025-09-29 14:49:29'),
(92, 5, 1, '2025-09-11 07:30:09', '2025-09-29 14:49:29', '2025-09-29 14:49:29'),
(93, 5, 85, '2025-09-17 00:09:30', '2025-09-29 14:49:29', '2025-09-29 14:49:29'),
(94, 5, 4, '2025-09-17 20:24:43', '2025-09-29 14:49:29', '2025-09-29 14:49:29'),
(95, 6, 243, '2025-09-15 18:27:43', '2025-09-29 14:49:29', '2025-09-29 14:49:29'),
(96, 6, 113, '2025-09-06 01:33:27', '2025-09-29 14:49:29', '2025-09-29 14:49:29'),
(97, 6, 117, '2025-09-13 04:06:44', '2025-09-29 14:49:29', '2025-09-29 14:49:29'),
(98, 6, 60, '2025-09-11 12:59:08', '2025-09-29 14:49:29', '2025-09-29 14:49:29'),
(99, 6, 74, '2025-09-13 06:56:47', '2025-09-29 14:49:29', '2025-09-29 14:49:29'),
(100, 6, 176, '2025-09-11 02:08:26', '2025-09-29 14:49:29', '2025-09-29 14:49:29'),
(101, 6, 222, '2025-09-06 20:36:54', '2025-09-29 14:49:29', '2025-09-29 14:49:29'),
(102, 6, 54, '2025-09-17 18:59:38', '2025-09-29 14:49:29', '2025-09-29 14:49:29'),
(103, 6, 27, '2025-09-19 20:24:16', '2025-09-29 14:49:29', '2025-09-29 14:49:29'),
(104, 6, 158, '2025-09-11 15:00:32', '2025-09-29 14:49:29', '2025-09-29 14:49:29'),
(105, 6, 23, '2025-09-29 04:50:25', '2025-09-29 14:49:29', '2025-09-29 14:49:29'),
(106, 6, 211, '2025-09-29 04:42:56', '2025-09-29 14:49:29', '2025-09-29 14:49:29'),
(107, 6, 88, '2025-09-08 12:43:29', '2025-09-29 14:49:29', '2025-09-29 14:49:29'),
(108, 6, 68, '2025-09-15 12:37:08', '2025-09-29 14:49:29', '2025-09-29 14:49:29'),
(109, 6, 227, '2025-09-22 05:58:09', '2025-09-29 14:49:29', '2025-09-29 14:49:29'),
(110, 6, 286, '2025-09-08 00:50:58', '2025-09-29 14:49:29', '2025-09-29 14:49:29'),
(111, 6, 255, '2025-09-29 03:26:26', '2025-09-29 14:49:29', '2025-09-29 14:49:29'),
(112, 6, 290, '2025-09-15 17:46:39', '2025-09-29 14:49:29', '2025-09-29 14:49:29'),
(113, 7, 279, '2025-09-28 02:18:26', '2025-09-29 14:49:29', '2025-09-29 14:49:29'),
(114, 7, 171, '2025-09-26 16:58:19', '2025-09-29 14:49:29', '2025-09-29 14:49:29'),
(115, 7, 196, '2025-09-24 17:03:02', '2025-09-29 14:49:29', '2025-09-29 14:49:29'),
(116, 7, 247, '2025-09-16 03:01:07', '2025-09-29 14:49:29', '2025-09-29 14:49:29'),
(117, 7, 79, '2025-09-21 03:56:08', '2025-09-29 14:49:29', '2025-09-29 14:49:29'),
(118, 7, 74, '2025-09-17 13:56:11', '2025-09-29 14:49:29', '2025-09-29 14:49:29'),
(119, 7, 166, '2025-09-24 17:20:55', '2025-09-29 14:49:29', '2025-09-29 14:49:29'),
(120, 7, 62, '2025-09-29 09:09:44', '2025-09-29 14:49:29', '2025-09-29 14:49:29'),
(121, 7, 3, '2025-09-23 19:13:04', '2025-09-29 14:49:29', '2025-09-29 14:49:29'),
(122, 7, 42, '2025-09-15 23:44:35', '2025-09-29 14:49:29', '2025-09-29 14:49:29'),
(123, 7, 48, '2025-09-27 15:38:03', '2025-09-29 14:49:29', '2025-09-29 14:49:29'),
(124, 7, 83, '2025-09-28 20:51:13', '2025-09-29 14:49:29', '2025-09-29 14:49:29'),
(125, 7, 268, '2025-09-28 02:57:20', '2025-09-29 14:49:29', '2025-09-29 14:49:29'),
(126, 7, 87, '2025-09-23 18:54:37', '2025-09-29 14:49:29', '2025-09-29 14:49:29'),
(127, 7, 10, '2025-09-27 06:47:09', '2025-09-29 14:49:29', '2025-09-29 14:49:29'),
(128, 7, 172, '2025-09-16 21:19:25', '2025-09-29 14:49:29', '2025-09-29 14:49:29'),
(129, 7, 224, '2025-09-15 22:28:53', '2025-09-29 14:49:29', '2025-09-29 14:49:29'),
(130, 7, 145, '2025-09-27 00:01:17', '2025-09-29 14:49:29', '2025-09-29 14:49:29'),
(131, 7, 287, '2025-09-16 01:39:45', '2025-09-29 14:49:29', '2025-09-29 14:49:29'),
(132, 7, 180, '2025-09-24 04:18:10', '2025-09-29 14:49:29', '2025-09-29 14:49:29'),
(133, 7, 102, '2025-09-20 18:05:45', '2025-09-29 14:49:29', '2025-09-29 14:49:29'),
(134, 7, 57, '2025-09-21 04:45:58', '2025-09-29 14:49:29', '2025-09-29 14:49:29'),
(135, 7, 190, '2025-09-16 05:42:03', '2025-09-29 14:49:29', '2025-09-29 14:49:29'),
(136, 7, 71, '2025-09-19 14:01:24', '2025-09-29 14:49:29', '2025-09-29 14:49:29'),
(137, 7, 26, '2025-09-21 03:34:46', '2025-09-29 14:49:29', '2025-09-29 14:49:29'),
(138, 7, 195, '2025-09-16 03:31:56', '2025-09-29 14:49:29', '2025-09-29 14:49:29'),
(139, 7, 219, '2025-09-21 02:45:50', '2025-09-29 14:49:29', '2025-09-29 14:49:29'),
(140, 7, 97, '2025-09-19 14:27:35', '2025-09-29 14:49:29', '2025-09-29 14:49:29'),
(141, 7, 259, '2025-09-23 15:01:31', '2025-09-29 14:49:29', '2025-09-29 14:49:29'),
(142, 8, 100, '2025-09-21 00:01:29', '2025-09-29 14:49:29', '2025-09-29 14:49:29'),
(143, 8, 129, '2025-09-19 20:21:09', '2025-09-29 14:49:29', '2025-09-29 14:49:29'),
(144, 8, 108, '2025-09-10 18:14:53', '2025-09-29 14:49:29', '2025-09-29 14:49:29'),
(145, 8, 173, '2025-09-05 04:22:28', '2025-09-29 14:49:29', '2025-09-29 14:49:29'),
(146, 8, 95, '2025-09-02 02:23:15', '2025-09-29 14:49:29', '2025-09-29 14:49:29'),
(147, 9, 197, '2025-09-21 02:58:00', '2025-09-29 14:49:29', '2025-09-29 14:49:29'),
(148, 9, 293, '2025-09-25 14:57:52', '2025-09-29 14:49:29', '2025-09-29 14:49:29'),
(149, 9, 47, '2025-09-21 10:54:04', '2025-09-29 14:49:29', '2025-09-29 14:49:29'),
(150, 9, 87, '2025-09-13 05:55:45', '2025-09-29 14:49:29', '2025-09-29 14:49:29'),
(151, 9, 153, '2025-09-22 14:23:42', '2025-09-29 14:49:29', '2025-09-29 14:49:29'),
(152, 9, 205, '2025-09-12 11:19:11', '2025-09-29 14:49:29', '2025-09-29 14:49:29'),
(153, 10, 173, '2025-09-23 06:10:26', '2025-09-29 14:49:29', '2025-09-29 14:49:29'),
(154, 10, 80, '2025-09-22 17:39:32', '2025-09-29 14:49:29', '2025-09-29 14:49:29'),
(155, 10, 277, '2025-09-24 09:23:07', '2025-09-29 14:49:29', '2025-09-29 14:49:29'),
(156, 10, 244, '2025-09-24 10:04:29', '2025-09-29 14:49:29', '2025-09-29 14:49:29'),
(157, 10, 18, '2025-09-22 20:49:55', '2025-09-29 14:49:29', '2025-09-29 14:49:29'),
(158, 10, 71, '2025-09-26 16:59:06', '2025-09-29 14:49:29', '2025-09-29 14:49:29'),
(159, 10, 299, '2025-09-29 14:33:46', '2025-09-29 14:49:29', '2025-09-29 14:49:29'),
(160, 10, 212, '2025-09-28 02:25:30', '2025-09-29 14:49:29', '2025-09-29 14:49:29'),
(161, 10, 237, '2025-09-28 08:25:50', '2025-09-29 14:49:29', '2025-09-29 14:49:29'),
(162, 10, 183, '2025-09-23 07:02:47', '2025-09-29 14:49:29', '2025-09-29 14:49:29'),
(163, 10, 240, '2025-09-28 11:11:15', '2025-09-29 14:49:29', '2025-09-29 14:49:29'),
(164, 10, 92, '2025-09-23 19:25:46', '2025-09-29 14:49:29', '2025-09-29 14:49:29'),
(165, 10, 188, '2025-09-23 16:41:22', '2025-09-29 14:49:29', '2025-09-29 14:49:29'),
(166, 10, 132, '2025-09-25 05:11:30', '2025-09-29 14:49:29', '2025-09-29 14:49:29'),
(167, 10, 228, '2025-09-23 18:25:00', '2025-09-29 14:49:29', '2025-09-29 14:49:29');

-- --------------------------------------------------------

--
-- Table structure for table `failed_jobs`
--

CREATE TABLE `failed_jobs` (
  `id` bigint(20) UNSIGNED NOT NULL,
  `uuid` varchar(255) NOT NULL,
  `connection` text NOT NULL,
  `queue` text NOT NULL,
  `payload` longtext NOT NULL,
  `exception` longtext NOT NULL,
  `failed_at` timestamp NOT NULL DEFAULT current_timestamp()
) ENGINE=InnoDB DEFAULT CHARSET=utf8mb4 COLLATE=utf8mb4_unicode_ci;

-- --------------------------------------------------------

--
-- Table structure for table `jobs`
--

CREATE TABLE `jobs` (
  `id` bigint(20) UNSIGNED NOT NULL,
  `queue` varchar(255) NOT NULL,
  `payload` longtext NOT NULL,
  `attempts` tinyint(3) UNSIGNED NOT NULL,
  `reserved_at` int(10) UNSIGNED DEFAULT NULL,
  `available_at` int(10) UNSIGNED NOT NULL,
  `created_at` int(10) UNSIGNED NOT NULL
) ENGINE=InnoDB DEFAULT CHARSET=utf8mb4 COLLATE=utf8mb4_unicode_ci;

-- --------------------------------------------------------

--
-- Table structure for table `job_batches`
--

CREATE TABLE `job_batches` (
  `id` varchar(255) NOT NULL,
  `name` varchar(255) NOT NULL,
  `total_jobs` int(11) NOT NULL,
  `pending_jobs` int(11) NOT NULL,
  `failed_jobs` int(11) NOT NULL,
  `failed_job_ids` longtext NOT NULL,
  `options` mediumtext DEFAULT NULL,
  `cancelled_at` int(11) DEFAULT NULL,
  `created_at` int(11) NOT NULL,
  `finished_at` int(11) DEFAULT NULL
) ENGINE=InnoDB DEFAULT CHARSET=utf8mb4 COLLATE=utf8mb4_unicode_ci;

-- --------------------------------------------------------

--
-- Table structure for table `members`
--

CREATE TABLE `members` (
  `id` bigint(20) UNSIGNED NOT NULL,
  `first_name` varchar(255) NOT NULL,
  `last_name` varchar(255) NOT NULL,
  `suffix` varchar(50) DEFAULT NULL,
  `id_school_number` int(10) UNSIGNED NOT NULL,
  `email` varchar(255) DEFAULT NULL,
  `birth_date` date NOT NULL,
  `enrollment_date` date NOT NULL,
  `program` varchar(255) NOT NULL,
  `year` tinyint(3) UNSIGNED NOT NULL DEFAULT 1,
  `is_paid` tinyint(1) NOT NULL DEFAULT 0,
  `created_at` timestamp NULL DEFAULT NULL,
  `updated_at` timestamp NULL DEFAULT NULL
) ;

--
-- Dumping data for table `members`
--

INSERT INTO `members` (`id`, `first_name`, `last_name`, `suffix`, `id_school_number`, `email`, `birth_date`, `enrollment_date`, `program`, `year`, `is_paid`, `created_at`, `updated_at`) VALUES
(1, 'Chauncey', 'Dooley', NULL, 20814944, 'khowell@example.net', '1997-01-17', '2024-05-13', 'BSCS', 4, 1, '2025-09-29 14:49:28', '2025-09-29 14:49:28'),
(2, 'Selmer', 'Cassin', NULL, 19283317, 'dach.ila@example.net', '2000-11-02', '2022-09-06', 'BSIS', 1, 1, '2025-09-29 14:49:28', '2025-09-29 14:49:28'),
(3, 'Aubree', 'Stoltenberg', NULL, 19209822, 'hintz.braxton@example.com', '1998-08-02', '2023-01-22', 'BSIT', 3, 1, '2025-09-29 14:49:28', '2025-09-29 14:49:28'),
(4, 'Jacynthe', 'Gusikowski', NULL, 21393694, 'georgianna.turcotte@example.org', '2008-05-01', '2025-03-20', 'BSIS', 3, 0, '2025-09-29 14:49:28', '2025-09-29 14:49:28'),
(5, 'Millie', 'Pollich', NULL, 19813803, 'eldora.denesik@example.net', '2005-05-19', '2025-09-14', 'BSCE', 1, 0, '2025-09-29 14:49:28', '2025-09-29 14:49:28'),
(6, 'Lessie', 'Metz', NULL, 20425946, 'pagac.ryder@example.net', '1998-12-07', '2025-08-14', 'BSCS', 1, 0, '2025-09-29 14:49:28', '2025-09-29 14:49:28'),
(7, 'Phyllis', 'Quitzon', NULL, 21849661, 'diego.walker@example.net', '2003-05-09', '2022-12-31', 'BSIT', 1, 1, '2025-09-29 14:49:28', '2025-09-29 14:49:28'),
(8, 'Joseph', 'Gerlach', 'Jr.', 19540599, 'lenore98@example.com', '2004-03-27', '2022-06-13', 'BSIS', 2, 1, '2025-09-29 14:49:28', '2025-09-29 14:49:28'),
(9, 'Gordon', 'Weimann', NULL, 19065417, 'emmett55@example.com', '2002-11-06', '2025-03-10', 'BSIT', 2, 1, '2025-09-29 14:49:28', '2025-09-29 14:49:28'),
(10, 'Agustin', 'Hodkiewicz', 'Sr.', 19504209, 'larry.daugherty@example.org', '2005-04-17', '2022-03-18', 'BSIS', 1, 1, '2025-09-29 14:49:28', '2025-09-29 14:49:28'),
(11, 'Rolando', 'Zboncak', 'V', 19904200, 'reid.doyle@example.com', '1996-07-12', '2023-01-15', 'BSIT', 2, 0, '2025-09-29 14:49:28', '2025-09-29 14:49:28'),
(12, 'Leatha', 'Glover', NULL, 21813806, 'casper.viviane@example.org', '2001-03-25', '2023-03-10', 'BSIS', 1, 1, '2025-09-29 14:49:28', '2025-09-29 14:49:28'),
(13, 'Jailyn', 'Wisoky', NULL, 19533792, 'howe.nickolas@example.net', '2001-06-28', '2022-03-28', 'BSIT', 4, 1, '2025-09-29 14:49:28', '2025-09-29 14:49:28'),
(14, 'Nella', 'Bergnaum', NULL, 20951336, 'treutel.meaghan@example.org', '2005-06-26', '2022-07-13', 'BSIT', 2, 1, '2025-09-29 14:49:28', '2025-09-29 14:49:28'),
(15, 'John', 'Gerlach', NULL, 21780384, 'pollich.verda@example.com', '2001-07-07', '2024-01-05', 'BSCE', 1, 1, '2025-09-29 14:49:28', '2025-09-29 14:49:28'),
(16, 'Wilburn', 'Corkery', NULL, 19512394, 'iwill@example.com', '2000-12-02', '2022-09-12', 'BSIT', 2, 0, '2025-09-29 14:49:28', '2025-09-29 14:49:28'),
(17, 'Gust', 'Quitzon', NULL, 19293864, 'sincere.okon@example.org', '1998-07-14', '2023-01-25', 'BSIS', 2, 1, '2025-09-29 14:49:28', '2025-09-29 14:49:28'),
(18, 'Amber', 'Huel', 'Sr.', 19841597, 'wyman.carter@example.com', '1996-11-22', '2025-02-24', 'BSIS', 4, 1, '2025-09-29 14:49:28', '2025-09-29 14:49:28'),
(19, 'Winona', 'Cremin', 'III', 21421757, 'curt.bednar@example.net', '2007-04-16', '2022-06-14', 'BSCS', 4, 0, '2025-09-29 14:49:28', '2025-09-29 14:49:28'),
(20, 'Prince', 'Kautzer', NULL, 21806927, 'wilma21@example.com', '2006-04-14', '2022-06-21', 'BSIS', 4, 1, '2025-09-29 14:49:28', '2025-09-29 14:49:28'),
(21, 'Isaias', 'Homenick', NULL, 21742723, 'nitzsche.russ@example.org', '2006-09-21', '2025-07-02', 'BSIT', 2, 1, '2025-09-29 14:49:28', '2025-09-29 14:49:28'),
(22, 'Molly', 'Goyette', NULL, 19968118, 'boyle.johnson@example.org', '2006-06-15', '2022-02-24', 'BSCE', 2, 1, '2025-09-29 14:49:28', '2025-09-29 14:49:28'),
(23, 'Norbert', 'Hyatt', 'V', 21120589, 'jpowlowski@example.net', '2010-02-19', '2025-07-02', 'BSIS', 4, 1, '2025-09-29 14:49:28', '2025-09-29 14:49:28'),
(24, 'Anahi', 'Bechtelar', NULL, 20252269, 'phamill@example.org', '1996-12-14', '2025-01-10', 'BSIT', 3, 0, '2025-09-29 14:49:28', '2025-09-29 14:49:28'),
(25, 'Chance', 'Will', NULL, 19246844, 'halvorson.dorothea@example.org', '1998-02-06', '2021-11-30', 'BSCS', 1, 1, '2025-09-29 14:49:28', '2025-09-29 14:49:28'),
(26, 'Willow', 'Beier', NULL, 21952546, 'cmarks@example.com', '2008-10-19', '2023-11-15', 'BSIS', 3, 0, '2025-09-29 14:49:28', '2025-09-29 14:49:28'),
(27, 'Addie', 'McCullough', 'Jr.', 21813793, 'weissnat.amely@example.net', '2005-03-15', '2024-08-15', 'BSIT', 4, 1, '2025-09-29 14:49:28', '2025-09-29 14:49:28'),
(28, 'Anissa', 'Ondricka', NULL, 19633690, 'weimann.selena@example.net', '2008-05-01', '2023-09-14', 'BSCS', 3, 1, '2025-09-29 14:49:28', '2025-09-29 14:49:28'),
(29, 'Isai', 'Bruen', NULL, 21729653, 'fritz90@example.com', '1998-09-20', '2025-09-04', 'BSCE', 2, 0, '2025-09-29 14:49:28', '2025-09-29 14:49:28'),
(30, 'Emmet', 'Goldner', NULL, 19259973, 'stella18@example.net', '2003-12-22', '2025-03-19', 'BSCS', 1, 1, '2025-09-29 14:49:28', '2025-09-29 14:49:28'),
(31, 'Luther', 'VonRueden', NULL, 21544882, 'bradtke.serenity@example.com', '2006-08-17', '2023-05-07', 'BSIS', 3, 1, '2025-09-29 14:49:28', '2025-09-29 14:49:28'),
(32, 'Favian', 'Osinski', NULL, 20570590, 'beverly.hermann@example.org', '2007-06-24', '2024-09-20', 'BSIT', 4, 1, '2025-09-29 14:49:28', '2025-09-29 14:49:28'),
(33, 'Gregorio', 'Heaney', NULL, 19662270, 'effertz.mollie@example.com', '1999-10-07', '2022-04-16', 'BSIS', 3, 0, '2025-09-29 14:49:28', '2025-09-29 14:49:28'),
(34, 'Lupe', 'Murazik', NULL, 21101191, 'wava23@example.com', '2009-05-28', '2023-12-25', 'BSCE', 2, 1, '2025-09-29 14:49:28', '2025-09-29 14:49:28'),
(35, 'Avery', 'Schowalter', NULL, 21701903, 'tillman.patricia@example.org', '2003-04-07', '2023-09-15', 'BSIT', 4, 0, '2025-09-29 14:49:28', '2025-09-29 14:49:28'),
(36, 'Noe', 'Huels', NULL, 20447347, 'morar.janiya@example.net', '2005-10-03', '2025-04-08', 'BSCS', 2, 1, '2025-09-29 14:49:28', '2025-09-29 14:49:28'),
(37, 'Lora', 'Dickinson', NULL, 19529958, 'dagmar.morar@example.org', '1996-12-03', '2024-08-24', 'BSIS', 4, 1, '2025-09-29 14:49:28', '2025-09-29 14:49:28'),
(38, 'Lazaro', 'Okuneva', NULL, 20830763, 'hazle.schaden@example.net', '2006-04-29', '2022-08-26', 'BSIT', 4, 1, '2025-09-29 14:49:28', '2025-09-29 14:49:28'),
(39, 'Miracle', 'Wolf', NULL, 21272527, 'willms.godfrey@example.com', '2004-09-20', '2024-10-13', 'BSCS', 2, 1, '2025-09-29 14:49:28', '2025-09-29 14:49:28'),
(40, 'Cale', 'Olson', NULL, 19445658, 'gulgowski.cleveland@example.net', '2001-10-13', '2023-11-09', 'BSCS', 2, 1, '2025-09-29 14:49:28', '2025-09-29 14:49:28'),
(41, 'Johathan', 'Schuppe', NULL, 20718218, 'nyasia52@example.net', '2010-02-05', '2023-04-10', 'BSCS', 4, 1, '2025-09-29 14:49:28', '2025-09-29 14:49:28'),
(42, 'Krista', 'Heidenreich', NULL, 21314203, 'mertz.colton@example.org', '2000-07-09', '2022-09-29', 'BSIT', 3, 1, '2025-09-29 14:49:28', '2025-09-29 14:49:28'),
(43, 'Rafaela', 'Ebert', NULL, 21941419, 'zdicki@example.org', '2004-10-19', '2023-05-07', 'BSIT', 3, 1, '2025-09-29 14:49:28', '2025-09-29 14:49:28'),
(44, 'Carolyn', 'Gleichner', 'V', 20488812, 'crona.kiley@example.com', '2005-02-26', '2022-11-25', 'BSIT', 3, 1, '2025-09-29 14:49:28', '2025-09-29 14:49:28'),
(45, 'Arielle', 'Barrows', 'IV', 21323423, 'julia.predovic@example.com', '2007-02-28', '2022-04-09', 'BSCS', 2, 1, '2025-09-29 14:49:28', '2025-09-29 14:49:28'),
(46, 'Daija', 'Graham', NULL, 19293878, 'elaina76@example.org', '2003-10-18', '2023-01-30', 'BSCE', 4, 0, '2025-09-29 14:49:28', '2025-09-29 14:49:28'),
(47, 'Stacey', 'Kirlin', NULL, 20561754, 'gilbert.leuschke@example.net', '1998-01-08', '2022-07-09', 'BSCS', 1, 1, '2025-09-29 14:49:28', '2025-09-29 14:49:28'),
(48, 'Juston', 'Emmerich', NULL, 20439100, 'zrunolfsson@example.com', '1999-02-12', '2024-10-08', 'BSCE', 1, 0, '2025-09-29 14:49:28', '2025-09-29 14:49:28'),
(49, 'Erling', 'Zboncak', NULL, 19247698, 'rschmitt@example.net', '2009-05-15', '2023-03-26', 'BSCS', 4, 1, '2025-09-29 14:49:28', '2025-09-29 14:49:28'),
(50, 'Cody', 'Christiansen', NULL, 21009699, 'makenzie.mueller@example.org', '1999-10-05', '2025-08-06', 'BSIS', 4, 1, '2025-09-29 14:49:28', '2025-09-29 14:49:28'),
(51, 'Dario', 'Wunsch', NULL, 19535981, 'groberts@example.net', '2004-07-01', '2024-12-19', 'BSIS', 4, 0, '2025-09-29 14:49:28', '2025-09-29 14:49:28'),
(52, 'Eudora', 'Brown', NULL, 19879032, 'creola.moore@example.com', '1999-12-28', '2022-09-20', 'BSCE', 2, 0, '2025-09-29 14:49:28', '2025-09-29 14:49:28'),
(53, 'Efrain', 'Williamson', NULL, 21734208, 'moore.marlon@example.net', '2008-05-16', '2024-12-27', 'BSIT', 3, 1, '2025-09-29 14:49:28', '2025-09-29 14:49:28'),
(54, 'Tianna', 'Swift', 'Sr.', 21680876, 'karine18@example.net', '2007-09-23', '2024-01-03', 'BSIT', 1, 1, '2025-09-29 14:49:28', '2025-09-29 14:49:28'),
(55, 'Orval', 'Bradtke', NULL, 21201179, 'stanton.noble@example.net', '1998-07-14', '2023-06-16', 'BSCE', 1, 1, '2025-09-29 14:49:28', '2025-09-29 14:49:28'),
(56, 'Javier', 'Lueilwitz', NULL, 20443736, 'donavon36@example.net', '2002-12-22', '2023-07-22', 'BSIS', 4, 1, '2025-09-29 14:49:28', '2025-09-29 14:49:28'),
(57, 'Baron', 'Walker', NULL, 21395419, 'vella.considine@example.org', '2003-03-28', '2022-06-16', 'BSIT', 1, 1, '2025-09-29 14:49:28', '2025-09-29 14:49:28'),
(58, 'Arno', 'Klocko', 'V', 20835360, 'iberge@example.net', '2004-02-11', '2022-11-01', 'BSIS', 1, 1, '2025-09-29 14:49:28', '2025-09-29 14:49:28'),
(59, 'Jana', 'Rogahn', NULL, 20585303, 'dstroman@example.net', '2005-08-27', '2024-02-10', 'BSIT', 3, 1, '2025-09-29 14:49:28', '2025-09-29 14:49:28'),
(60, 'Abagail', 'Abernathy', NULL, 19944011, 'tkoepp@example.com', '2004-01-09', '2023-06-07', 'BSCE', 1, 0, '2025-09-29 14:49:28', '2025-09-29 14:49:28'),
(61, 'Lily', 'Orn', NULL, 21064297, 'wuckert.vanessa@example.net', '1996-07-02', '2024-12-21', 'BSCE', 1, 1, '2025-09-29 14:49:28', '2025-09-29 14:49:28'),
(62, 'Walter', 'Lowe', NULL, 21692023, 'fadel.levi@example.org', '2007-04-26', '2021-12-20', 'BSIS', 2, 1, '2025-09-29 14:49:28', '2025-09-29 14:49:28'),
(63, 'Fausto', 'Collins', 'Sr.', 19382093, 'qmosciski@example.com', '2009-09-07', '2023-02-11', 'BSCE', 3, 1, '2025-09-29 14:49:28', '2025-09-29 14:49:28'),
(64, 'Haskell', 'Altenwerth', NULL, 20286586, 'cronin.eldora@example.net', '2005-07-21', '2024-08-10', 'BSIS', 4, 1, '2025-09-29 14:49:28', '2025-09-29 14:49:28'),
(65, 'Kaylin', 'Haley', NULL, 19464675, 'kristian80@example.com', '2005-11-29', '2023-05-18', 'BSCS', 2, 0, '2025-09-29 14:49:28', '2025-09-29 14:49:28'),
(66, 'Jessyca', 'Stanton', 'Jr.', 21331341, 'isaiah.green@example.net', '2003-06-18', '2023-07-20', 'BSIT', 2, 1, '2025-09-29 14:49:28', '2025-09-29 14:49:28'),
(67, 'Jeffry', 'Heidenreich', NULL, 21766787, 'williamson.adelle@example.net', '2009-09-18', '2023-08-24', 'BSCE', 4, 0, '2025-09-29 14:49:28', '2025-09-29 14:49:28'),
(68, 'Lorenzo', 'Kub', NULL, 19589987, 'sidney.turcotte@example.com', '2008-03-12', '2025-08-14', 'BSIT', 2, 0, '2025-09-29 14:49:28', '2025-09-29 14:49:28'),
(69, 'Ardith', 'Ziemann', 'Sr.', 19518014, 'rogahn.elda@example.com', '1999-05-12', '2022-09-25', 'BSCS', 2, 1, '2025-09-29 14:49:28', '2025-09-29 14:49:28'),
(70, 'Maximus', 'Schultz', NULL, 21484500, 'eldred14@example.net', '2007-10-02', '2025-08-05', 'BSCS', 4, 1, '2025-09-29 14:49:28', '2025-09-29 14:49:28'),
(71, 'Gino', 'Bahringer', NULL, 20627424, 'mskiles@example.com', '2000-09-06', '2022-01-08', 'BSIT', 3, 1, '2025-09-29 14:49:28', '2025-09-29 14:49:28'),
(72, 'Pearl', 'Christiansen', 'III', 21140745, 'karli.hagenes@example.net', '2000-07-30', '2025-08-25', 'BSIS', 2, 1, '2025-09-29 14:49:28', '2025-09-29 14:49:28'),
(73, 'Kiera', 'Schaefer', NULL, 20022375, 'hansen.lavon@example.net', '2009-08-04', '2022-09-02', 'BSIS', 1, 0, '2025-09-29 14:49:28', '2025-09-29 14:49:28'),
(74, 'Audreanne', 'Doyle', NULL, 21073246, 'torphy.hollis@example.org', '1995-10-09', '2023-06-14', 'BSCE', 2, 1, '2025-09-29 14:49:28', '2025-09-29 14:49:28'),
(75, 'Johathan', 'Bayer', NULL, 19120682, 'oreynolds@example.com', '2004-01-14', '2024-08-10', 'BSIS', 1, 1, '2025-09-29 14:49:28', '2025-09-29 14:49:28'),
(76, 'Gladys', 'Borer', NULL, 19136628, 'london28@example.org', '2001-02-01', '2023-11-15', 'BSIS', 4, 1, '2025-09-29 14:49:28', '2025-09-29 14:49:28'),
(77, 'Alanna', 'Kling', NULL, 20930099, 'collier.sarai@example.org', '1996-04-17', '2024-06-10', 'BSCE', 1, 1, '2025-09-29 14:49:28', '2025-09-29 14:49:28'),
(78, 'Mallory', 'Pagac', NULL, 19525615, 'brice38@example.org', '2009-05-14', '2024-07-13', 'BSCE', 4, 1, '2025-09-29 14:49:28', '2025-09-29 14:49:28'),
(79, 'Bo', 'Klein', NULL, 21341453, 'lauretta.johnson@example.com', '1997-01-21', '2022-12-16', 'BSIS', 3, 1, '2025-09-29 14:49:28', '2025-09-29 14:49:28'),
(80, 'Quinton', 'Ritchie', NULL, 21594746, 'josianne32@example.net', '2007-02-25', '2024-05-27', 'BSIS', 4, 1, '2025-09-29 14:49:28', '2025-09-29 14:49:28'),
(81, 'Jett', 'Bogisich', NULL, 19684564, 'huel.tressa@example.com', '1995-11-21', '2021-12-01', 'BSIS', 3, 0, '2025-09-29 14:49:28', '2025-09-29 14:49:28'),
(82, 'Cortney', 'Dibbert', NULL, 19447704, 'king.benjamin@example.net', '2000-12-25', '2025-07-20', 'BSIT', 1, 1, '2025-09-29 14:49:28', '2025-09-29 14:49:28'),
(83, 'Dejon', 'Effertz', NULL, 20531491, 'trisha.orn@example.net', '2001-02-19', '2023-06-17', 'BSIT', 4, 1, '2025-09-29 14:49:28', '2025-09-29 14:49:28'),
(84, 'Susan', 'Grady', NULL, 19438510, 'mariana27@example.com', '2001-09-22', '2022-07-07', 'BSIT', 3, 1, '2025-09-29 14:49:28', '2025-09-29 14:49:28'),
(85, 'Kacey', 'Rolfson', NULL, 19093245, 'rhea38@example.org', '2010-08-13', '2022-10-24', 'BSCS', 1, 1, '2025-09-29 14:49:28', '2025-09-29 14:49:28'),
(86, 'Javon', 'Satterfield', 'Jr.', 21738758, 'reinger.carlo@example.net', '1995-10-28', '2024-01-15', 'BSIT', 1, 1, '2025-09-29 14:49:28', '2025-09-29 14:49:28'),
(87, 'Augustus', 'Powlowski', NULL, 21280567, 'dcassin@example.org', '2008-02-14', '2024-03-22', 'BSIS', 4, 1, '2025-09-29 14:49:28', '2025-09-29 14:49:28'),
(88, 'Mauricio', 'Ward', NULL, 20813182, 'xhickle@example.net', '2004-08-24', '2022-12-26', 'BSIS', 3, 1, '2025-09-29 14:49:28', '2025-09-29 14:49:28'),
(89, 'Vinnie', 'Shanahan', NULL, 19257401, 'quitzon.annalise@example.org', '2002-02-28', '2023-04-11', 'BSCS', 2, 1, '2025-09-29 14:49:28', '2025-09-29 14:49:28'),
(90, 'Tyrell', 'Kuhn', NULL, 20174826, 'myrl.ankunding@example.com', '2008-09-10', '2022-09-11', 'BSCS', 4, 0, '2025-09-29 14:49:28', '2025-09-29 14:49:28'),
(91, 'Myra', 'Huels', NULL, 19891345, 'erik42@example.net', '2003-04-04', '2024-08-11', 'BSCE', 4, 1, '2025-09-29 14:49:28', '2025-09-29 14:49:28'),
(92, 'D\'angelo', 'Bosco', NULL, 20271631, 'cnienow@example.com', '2008-05-04', '2022-10-05', 'BSIT', 1, 0, '2025-09-29 14:49:28', '2025-09-29 14:49:28'),
(93, 'Lauretta', 'Cronin', NULL, 20374351, 'jpollich@example.org', '2001-07-04', '2023-03-19', 'BSCS', 4, 1, '2025-09-29 14:49:28', '2025-09-29 14:49:28'),
(94, 'Brad', 'Wisoky', NULL, 20867837, 'trantow.velda@example.net', '2007-11-24', '2022-02-20', 'BSIT', 4, 1, '2025-09-29 14:49:28', '2025-09-29 14:49:28'),
(95, 'Kelsie', 'Haag', NULL, 19776685, 'stanton.clara@example.com', '2006-01-01', '2022-04-23', 'BSCE', 3, 1, '2025-09-29 14:49:28', '2025-09-29 14:49:28'),
(96, 'Roselyn', 'McCullough', 'V', 20109609, 'jaunita.halvorson@example.com', '2005-09-06', '2022-07-29', 'BSCE', 4, 0, '2025-09-29 14:49:28', '2025-09-29 14:49:28'),
(97, 'Carolina', 'Hegmann', NULL, 21512561, 'sanford69@example.org', '2006-03-23', '2024-03-08', 'BSIT', 4, 1, '2025-09-29 14:49:28', '2025-09-29 14:49:28'),
(98, 'Else', 'Wisoky', NULL, 21162575, 'cremin.mittie@example.com', '2001-11-16', '2021-12-15', 'BSCS', 2, 0, '2025-09-29 14:49:28', '2025-09-29 14:49:28'),
(99, 'Marcel', 'Tillman', 'V', 21421634, 'angus50@example.net', '2009-11-19', '2022-04-17', 'BSCS', 2, 1, '2025-09-29 14:49:28', '2025-09-29 14:49:28'),
(100, 'Talon', 'Russel', 'Sr.', 20796956, 'domenic.fisher@example.com', '2004-09-19', '2025-04-21', 'BSCE', 2, 0, '2025-09-29 14:49:28', '2025-09-29 14:49:28'),
(101, 'Lindsey', 'Heathcote', 'III', 19584854, 'cheyanne.hilpert@example.net', '2007-12-05', '2022-08-01', 'BSIT', 1, 1, '2025-09-29 14:49:28', '2025-09-29 14:49:28'),
(102, 'Karianne', 'Abernathy', NULL, 19078353, 'okunde@example.com', '1999-06-05', '2023-01-25', 'BSCE', 2, 1, '2025-09-29 14:49:28', '2025-09-29 14:49:28'),
(103, 'Anastacio', 'Little', 'Jr.', 21399692, 'collin.brown@example.com', '2000-08-09', '2021-12-23', 'BSIT', 2, 1, '2025-09-29 14:49:28', '2025-09-29 14:49:28'),
(104, 'Jayne', 'Abshire', NULL, 21508400, 'jean.feest@example.com', '1997-03-05', '2023-10-11', 'BSIT', 4, 1, '2025-09-29 14:49:28', '2025-09-29 14:49:28'),
(105, 'Sophie', 'Kuhlman', NULL, 20207308, 'mateo65@example.net', '2005-10-15', '2024-06-15', 'BSCE', 2, 1, '2025-09-29 14:49:28', '2025-09-29 14:49:28'),
(106, 'Hailee', 'O\'Kon', NULL, 20871987, 'willms.corene@example.net', '2005-08-27', '2025-04-29', 'BSCE', 4, 1, '2025-09-29 14:49:28', '2025-09-29 14:49:28'),
(107, 'Mylene', 'Ziemann', NULL, 20584997, 'payton.hudson@example.net', '1996-09-09', '2022-09-16', 'BSIS', 4, 1, '2025-09-29 14:49:28', '2025-09-29 14:49:28'),
(108, 'Narciso', 'Bergstrom', NULL, 21901218, 'idell87@example.com', '2009-09-01', '2024-12-22', 'BSIT', 3, 0, '2025-09-29 14:49:28', '2025-09-29 14:49:28'),
(109, 'Cassandre', 'Tromp', NULL, 20073787, 'hartmann.francesca@example.net', '2005-09-29', '2025-07-17', 'BSIT', 4, 1, '2025-09-29 14:49:28', '2025-09-29 14:49:28'),
(110, 'Kasey', 'Shanahan', NULL, 20941595, 'hessel.charity@example.org', '2006-01-25', '2022-04-22', 'BSIS', 2, 1, '2025-09-29 14:49:28', '2025-09-29 14:49:28'),
(111, 'Jayde', 'Hilpert', NULL, 20002281, 'chadrick97@example.com', '2008-07-15', '2025-01-18', 'BSCE', 1, 1, '2025-09-29 14:49:28', '2025-09-29 14:49:28'),
(112, 'Nikki', 'Jacobson', NULL, 20504384, 'mckenzie.lew@example.com', '2002-04-02', '2023-09-04', 'BSIS', 3, 0, '2025-09-29 14:49:28', '2025-09-29 14:49:28'),
(113, 'Rodger', 'Johns', 'III', 21256994, 'annamae.howe@example.org', '2006-07-15', '2023-11-11', 'BSCS', 3, 1, '2025-09-29 14:49:28', '2025-09-29 14:49:28'),
(114, 'Sally', 'Jenkins', NULL, 19039247, 'brennan84@example.org', '1999-12-28', '2024-07-10', 'BSIS', 3, 1, '2025-09-29 14:49:28', '2025-09-29 14:49:28'),
(115, 'Lauryn', 'Wiza', NULL, 21494220, 'dkassulke@example.com', '2001-04-20', '2024-12-13', 'BSCS', 4, 0, '2025-09-29 14:49:28', '2025-09-29 14:49:28'),
(116, 'Bradley', 'Mosciski', NULL, 21913562, 'paucek.clarissa@example.com', '1997-06-20', '2022-06-24', 'BSIT', 3, 1, '2025-09-29 14:49:28', '2025-09-29 14:49:28'),
(117, 'Sanford', 'Reichel', NULL, 21537640, 'lquigley@example.com', '1996-06-22', '2024-06-05', 'BSIS', 4, 0, '2025-09-29 14:49:28', '2025-09-29 14:49:28'),
(118, 'Samir', 'Ryan', 'III', 19035681, 'yerdman@example.org', '2004-06-23', '2024-01-01', 'BSCE', 4, 0, '2025-09-29 14:49:28', '2025-09-29 14:49:28'),
(119, 'Mervin', 'Ward', NULL, 20248375, 'dorothy17@example.net', '2005-08-14', '2022-09-21', 'BSCS', 3, 1, '2025-09-29 14:49:28', '2025-09-29 14:49:28'),
(120, 'Lavon', 'Dach', NULL, 21257020, 'green59@example.net', '2007-02-22', '2022-10-19', 'BSCS', 4, 0, '2025-09-29 14:49:28', '2025-09-29 14:49:28'),
(121, 'Angel', 'Maggio', NULL, 21241539, 'dion.huel@example.com', '2010-03-23', '2024-05-12', 'BSCS', 4, 0, '2025-09-29 14:49:28', '2025-09-29 14:49:28'),
(122, 'Juliana', 'McClure', 'V', 21140467, 'rita.hahn@example.org', '2010-04-17', '2021-12-27', 'BSCS', 3, 1, '2025-09-29 14:49:28', '2025-09-29 14:49:28'),
(123, 'Donny', 'Kohler', NULL, 21705578, 'williamson.jayde@example.com', '2008-04-22', '2022-01-19', 'BSCS', 2, 1, '2025-09-29 14:49:28', '2025-09-29 14:49:28'),
(124, 'Coleman', 'Donnelly', NULL, 21122767, 'osvaldo85@example.com', '2002-01-14', '2023-10-19', 'BSIT', 2, 1, '2025-09-29 14:49:28', '2025-09-29 14:49:28'),
(125, 'Rocky', 'Parker', NULL, 19822843, 'barton.kathlyn@example.com', '2010-06-04', '2024-11-30', 'BSIT', 2, 1, '2025-09-29 14:49:28', '2025-09-29 14:49:28'),
(126, 'Marc', 'Emard', NULL, 20610050, 'vschimmel@example.org', '1999-01-15', '2025-05-14', 'BSIS', 4, 1, '2025-09-29 14:49:28', '2025-09-29 14:49:28'),
(127, 'Suzanne', 'Schinner', NULL, 21504512, 'jtillman@example.org', '1998-04-01', '2024-12-21', 'BSIT', 3, 0, '2025-09-29 14:49:28', '2025-09-29 14:49:28'),
(128, 'Olga', 'Beer', NULL, 21126096, 'stroman.effie@example.com', '2004-05-31', '2022-05-19', 'BSIT', 3, 0, '2025-09-29 14:49:28', '2025-09-29 14:49:28'),
(129, 'Bettie', 'Johnson', 'Jr.', 20824671, 'quitzon.estefania@example.com', '2007-02-19', '2022-04-13', 'BSCE', 4, 1, '2025-09-29 14:49:28', '2025-09-29 14:49:28'),
(130, 'Camille', 'Schinner', 'Jr.', 19092489, 'sipes.chelsie@example.org', '1999-10-01', '2023-02-22', 'BSIT', 3, 1, '2025-09-29 14:49:28', '2025-09-29 14:49:28'),
(131, 'Jonas', 'Cartwright', NULL, 21949955, 'cedrick.berge@example.net', '1996-01-10', '2023-09-05', 'BSIS', 4, 1, '2025-09-29 14:49:28', '2025-09-29 14:49:28'),
(132, 'Napoleon', 'Wisozk', NULL, 20588034, 'treva.hauck@example.com', '2003-05-30', '2022-12-21', 'BSCS', 3, 1, '2025-09-29 14:49:28', '2025-09-29 14:49:28'),
(133, 'Nils', 'Dare', NULL, 19830937, 'austin.graham@example.com', '2005-07-08', '2024-07-28', 'BSIT', 2, 0, '2025-09-29 14:49:28', '2025-09-29 14:49:28'),
(134, 'Josue', 'Ullrich', 'Sr.', 21840983, 'brooks.wyman@example.net', '2007-02-20', '2024-09-30', 'BSCE', 2, 1, '2025-09-29 14:49:28', '2025-09-29 14:49:28'),
(135, 'Annamarie', 'Shanahan', NULL, 21489623, 'rafael.corkery@example.org', '2007-09-22', '2022-01-24', 'BSIT', 2, 1, '2025-09-29 14:49:28', '2025-09-29 14:49:28'),
(136, 'Gregoria', 'Miller', 'III', 19253455, 'hprosacco@example.org', '1997-04-17', '2023-07-09', 'BSCS', 1, 0, '2025-09-29 14:49:28', '2025-09-29 14:49:28'),
(137, 'Chasity', 'Christiansen', NULL, 19548508, 'gregoria70@example.org', '2007-04-26', '2022-09-10', 'BSIS', 4, 0, '2025-09-29 14:49:28', '2025-09-29 14:49:28'),
(138, 'Jalen', 'Armstrong', NULL, 20522767, 'zhauck@example.org', '1996-02-07', '2022-10-05', 'BSIS', 3, 1, '2025-09-29 14:49:28', '2025-09-29 14:49:28'),
(139, 'Jerod', 'Bartoletti', NULL, 19281484, 'beffertz@example.com', '2003-04-18', '2023-08-25', 'BSCE', 2, 1, '2025-09-29 14:49:28', '2025-09-29 14:49:28'),
(140, 'Hilton', 'Shields', NULL, 20426015, 'isaiah49@example.org', '1996-06-03', '2024-04-24', 'BSIS', 1, 1, '2025-09-29 14:49:28', '2025-09-29 14:49:28'),
(141, 'Marcia', 'DuBuque', NULL, 21334843, 'eruecker@example.org', '2008-04-13', '2022-06-28', 'BSCE', 1, 1, '2025-09-29 14:49:28', '2025-09-29 14:49:28'),
(142, 'Bria', 'Feeney', NULL, 19359736, 'reichel.cristobal@example.org', '2007-03-27', '2024-05-16', 'BSCS', 1, 1, '2025-09-29 14:49:28', '2025-09-29 14:49:28'),
(143, 'Clarissa', 'Metz', NULL, 21886218, 'leone.heathcote@example.com', '2000-05-17', '2024-12-08', 'BSIS', 2, 1, '2025-09-29 14:49:28', '2025-09-29 14:49:28'),
(144, 'Emerald', 'Metz', NULL, 20822055, 'catharine.friesen@example.net', '2007-04-11', '2024-01-13', 'BSCS', 4, 1, '2025-09-29 14:49:28', '2025-09-29 14:49:28'),
(145, 'Lacy', 'Ankunding', NULL, 19714487, 'barney98@example.org', '2000-10-05', '2021-10-25', 'BSIT', 1, 1, '2025-09-29 14:49:28', '2025-09-29 14:49:28'),
(146, 'Reagan', 'Willms', NULL, 20856540, 'gracie93@example.org', '1998-05-20', '2022-02-21', 'BSIS', 2, 1, '2025-09-29 14:49:28', '2025-09-29 14:49:28'),
(147, 'Johnnie', 'Zboncak', NULL, 20830284, 'lhirthe@example.net', '2005-11-26', '2021-10-03', 'BSCS', 2, 1, '2025-09-29 14:49:28', '2025-09-29 14:49:28'),
(148, 'Reva', 'Ondricka', NULL, 21376779, 'geoffrey.schinner@example.net', '2007-04-14', '2021-10-03', 'BSIT', 4, 1, '2025-09-29 14:49:28', '2025-09-29 14:49:28'),
(149, 'Grant', 'McLaughlin', NULL, 19163923, 'eryn.collier@example.com', '1996-08-10', '2022-01-18', 'BSIT', 1, 1, '2025-09-29 14:49:28', '2025-09-29 14:49:28'),
(150, 'Cali', 'Romaguera', 'IV', 21700773, 'marina.becker@example.net', '2007-11-20', '2022-01-01', 'BSIT', 4, 1, '2025-09-29 14:49:28', '2025-09-29 14:49:28'),
(151, 'Jeanie', 'Boehm', NULL, 21638983, 'brown82@example.com', '2002-06-04', '2022-11-18', 'BSIS', 4, 0, '2025-09-29 14:49:28', '2025-09-29 14:49:28'),
(152, 'Earl', 'Herman', NULL, 20921371, 'helmer97@example.net', '1998-02-13', '2021-11-18', 'BSCE', 4, 1, '2025-09-29 14:49:28', '2025-09-29 14:49:28'),
(153, 'Tianna', 'Hegmann', NULL, 21746292, 'lavina.kovacek@example.com', '1999-03-03', '2023-02-06', 'BSIT', 2, 1, '2025-09-29 14:49:28', '2025-09-29 14:49:28'),
(154, 'Gwendolyn', 'Gottlieb', 'Sr.', 20033483, 'jkiehn@example.com', '1998-06-13', '2025-05-13', 'BSIT', 2, 1, '2025-09-29 14:49:28', '2025-09-29 14:49:28'),
(155, 'Rory', 'Raynor', NULL, 21023595, 'nkulas@example.org', '1999-04-03', '2021-11-05', 'BSCE', 2, 1, '2025-09-29 14:49:28', '2025-09-29 14:49:28'),
(156, 'Mallory', 'Ullrich', NULL, 20730830, 'jacklyn.west@example.net', '2002-09-29', '2025-07-29', 'BSIS', 1, 0, '2025-09-29 14:49:28', '2025-09-29 14:49:28'),
(157, 'Jaylan', 'Kuphal', NULL, 19116339, 'langworth.ludwig@example.net', '2008-03-07', '2025-05-10', 'BSIT', 3, 0, '2025-09-29 14:49:28', '2025-09-29 14:49:28'),
(158, 'Karine', 'Dickens', NULL, 19343342, 'dhammes@example.org', '2000-05-17', '2022-09-29', 'BSIT', 1, 1, '2025-09-29 14:49:28', '2025-09-29 14:49:28'),
(159, 'Larissa', 'Nicolas', NULL, 20329581, 'zsporer@example.org', '1997-11-27', '2024-05-16', 'BSIT', 2, 0, '2025-09-29 14:49:28', '2025-09-29 14:49:28'),
(160, 'Alice', 'Ziemann', NULL, 19884689, 'amcdermott@example.com', '2009-03-05', '2025-04-10', 'BSCS', 3, 1, '2025-09-29 14:49:28', '2025-09-29 14:49:28'),
(161, 'Anjali', 'Sawayn', NULL, 21915874, 'kunde.marilie@example.com', '2000-03-01', '2023-07-12', 'BSCS', 2, 0, '2025-09-29 14:49:28', '2025-09-29 14:49:28'),
(162, 'Kip', 'Christiansen', 'IV', 20626112, 'mohamed.ruecker@example.net', '2005-03-31', '2024-07-14', 'BSIT', 1, 1, '2025-09-29 14:49:28', '2025-09-29 14:49:28'),
(163, 'Frederik', 'Bradtke', NULL, 20258362, 'rosalinda21@example.com', '2005-05-12', '2022-02-02', 'BSCE', 3, 1, '2025-09-29 14:49:28', '2025-09-29 14:49:28'),
(164, 'Santiago', 'Hoeger', NULL, 19438167, 'charity18@example.org', '2010-05-20', '2021-11-29', 'BSIT', 1, 1, '2025-09-29 14:49:28', '2025-09-29 14:49:28'),
(165, 'Josiane', 'Runolfsdottir', NULL, 19780961, 'acrona@example.org', '2007-06-15', '2024-03-16', 'BSCE', 1, 1, '2025-09-29 14:49:28', '2025-09-29 14:49:28'),
(166, 'Imelda', 'Heller', NULL, 20119593, 'xwill@example.org', '2006-04-14', '2023-02-26', 'BSIT', 4, 1, '2025-09-29 14:49:28', '2025-09-29 14:49:28'),
(167, 'Annamae', 'Welch', 'Jr.', 21686945, 'nicholas.kunze@example.com', '2010-03-31', '2021-10-12', 'BSIS', 2, 1, '2025-09-29 14:49:28', '2025-09-29 14:49:28'),
(168, 'Christopher', 'Jakubowski', NULL, 19169601, 'irwin23@example.net', '2009-12-19', '2023-06-28', 'BSIT', 2, 0, '2025-09-29 14:49:28', '2025-09-29 14:49:28'),
(169, 'Maye', 'Harvey', NULL, 20651925, 'carlotta28@example.org', '1998-07-06', '2023-03-31', 'BSCE', 3, 1, '2025-09-29 14:49:28', '2025-09-29 14:49:28'),
(170, 'Hanna', 'Schimmel', 'III', 20877864, 'nick87@example.net', '2009-07-20', '2023-01-14', 'BSIT', 1, 0, '2025-09-29 14:49:28', '2025-09-29 14:49:28'),
(171, 'Tyson', 'Rodriguez', NULL, 20946286, 'tierra.cronin@example.org', '1997-10-19', '2024-07-16', 'BSCE', 4, 1, '2025-09-29 14:49:28', '2025-09-29 14:49:28'),
(172, 'Maxime', 'Roberts', 'Sr.', 20295999, 'fhermiston@example.com', '2005-01-02', '2022-06-25', 'BSCS', 2, 1, '2025-09-29 14:49:28', '2025-09-29 14:49:28'),
(173, 'Solon', 'Lowe', NULL, 19093867, 'delphia88@example.net', '1999-05-03', '2024-03-05', 'BSIT', 3, 1, '2025-09-29 14:49:28', '2025-09-29 14:49:28'),
(174, 'Ethyl', 'Douglas', 'III', 19780676, 'kuhlman.malinda@example.org', '2005-04-16', '2023-06-29', 'BSCE', 3, 1, '2025-09-29 14:49:28', '2025-09-29 14:49:28'),
(175, 'Jett', 'Hyatt', NULL, 21347527, 'tina.leffler@example.org', '1999-09-30', '2025-05-23', 'BSIT', 4, 1, '2025-09-29 14:49:28', '2025-09-29 14:49:28'),
(176, 'Jaiden', 'Crona', NULL, 19541253, 'von.patrick@example.org', '2008-05-12', '2024-08-23', 'BSIT', 3, 1, '2025-09-29 14:49:28', '2025-09-29 14:49:28'),
(177, 'Rene', 'Welch', NULL, 19208165, 'zkoepp@example.com', '1997-06-27', '2024-05-16', 'BSCE', 4, 0, '2025-09-29 14:49:28', '2025-09-29 14:49:28'),
(178, 'Sydnie', 'VonRueden', 'IV', 19938108, 'greichel@example.net', '1996-01-26', '2023-05-07', 'BSCS', 1, 1, '2025-09-29 14:49:28', '2025-09-29 14:49:28'),
(179, 'Isadore', 'Hills', NULL, 21644567, 'vergie95@example.net', '2010-04-22', '2022-09-03', 'BSCE', 2, 1, '2025-09-29 14:49:28', '2025-09-29 14:49:28'),
(180, 'Aliya', 'McGlynn', NULL, 19820493, 'zjenkins@example.com', '1999-02-01', '2022-01-26', 'BSIS', 4, 1, '2025-09-29 14:49:28', '2025-09-29 14:49:28'),
(181, 'Abigail', 'Herzog', NULL, 21815272, 'bart47@example.org', '1996-11-19', '2023-08-20', 'BSIS', 4, 1, '2025-09-29 14:49:28', '2025-09-29 14:49:28'),
(182, 'Megane', 'Kertzmann', NULL, 21868030, 'rsipes@example.org', '1995-11-30', '2022-07-30', 'BSCS', 4, 1, '2025-09-29 14:49:28', '2025-09-29 14:49:28'),
(183, 'Caesar', 'Reilly', NULL, 21103317, 'eulah.bartoletti@example.com', '2008-09-17', '2024-01-26', 'BSCE', 1, 1, '2025-09-29 14:49:28', '2025-09-29 14:49:28'),
(184, 'Ethan', 'Ortiz', 'V', 20022488, 'ritchie.deion@example.org', '2001-12-11', '2022-06-11', 'BSCE', 3, 0, '2025-09-29 14:49:28', '2025-09-29 14:49:28'),
(185, 'Bulah', 'Padberg', NULL, 20678405, 'dolly.vandervort@example.org', '2006-08-14', '2021-12-17', 'BSIT', 1, 1, '2025-09-29 14:49:28', '2025-09-29 14:49:28'),
(186, 'Xzavier', 'Dooley', NULL, 21576254, 'brown47@example.org', '2005-05-03', '2022-05-29', 'BSIS', 2, 1, '2025-09-29 14:49:28', '2025-09-29 14:49:28'),
(187, 'Cole', 'Daugherty', NULL, 19529157, 'santa03@example.com', '1997-11-22', '2024-09-28', 'BSCE', 3, 0, '2025-09-29 14:49:28', '2025-09-29 14:49:28'),
(188, 'Jaren', 'Koss', NULL, 20452250, 'declan.wolf@example.org', '2007-12-14', '2022-09-09', 'BSIS', 1, 1, '2025-09-29 14:49:28', '2025-09-29 14:49:28'),
(189, 'Yesenia', 'Nikolaus', NULL, 19230963, 'joey12@example.com', '1997-10-05', '2024-07-15', 'BSIT', 3, 1, '2025-09-29 14:49:28', '2025-09-29 14:49:28'),
(190, 'Kara', 'Rutherford', NULL, 21833748, 'julien07@example.net', '2006-11-30', '2024-05-18', 'BSCS', 3, 1, '2025-09-29 14:49:28', '2025-09-29 14:49:28'),
(191, 'Jamison', 'Waters', NULL, 21639893, 'cmurray@example.net', '2010-05-21', '2023-11-13', 'BSIT', 3, 0, '2025-09-29 14:49:28', '2025-09-29 14:49:28'),
(192, 'Trevion', 'Heidenreich', NULL, 21806267, 'jbergstrom@example.com', '2002-11-20', '2022-04-03', 'BSIT', 1, 1, '2025-09-29 14:49:28', '2025-09-29 14:49:28'),
(193, 'Emil', 'Lehner', NULL, 19606810, 'jast.justyn@example.com', '2007-06-04', '2023-07-12', 'BSIS', 3, 1, '2025-09-29 14:49:28', '2025-09-29 14:49:28'),
(194, 'Marques', 'Schumm', NULL, 19394883, 'nyasia.durgan@example.net', '2001-06-08', '2023-04-07', 'BSIS', 2, 0, '2025-09-29 14:49:28', '2025-09-29 14:49:28'),
(195, 'Josephine', 'Pollich', 'Jr.', 20709153, 'qcassin@example.org', '1997-05-14', '2022-12-09', 'BSIS', 4, 1, '2025-09-29 14:49:28', '2025-09-29 14:49:28'),
(196, 'Bridgette', 'Treutel', 'Sr.', 21962561, 'rosenbaum.ike@example.net', '2007-04-16', '2024-05-15', 'BSIT', 1, 1, '2025-09-29 14:49:28', '2025-09-29 14:49:28'),
(197, 'Ena', 'Leannon', NULL, 21436433, 'michele10@example.org', '2006-10-08', '2022-11-30', 'BSCE', 2, 1, '2025-09-29 14:49:28', '2025-09-29 14:49:28'),
(198, 'Valentina', 'Dickens', NULL, 21366051, 'letitia83@example.org', '2008-04-18', '2023-04-04', 'BSIS', 1, 1, '2025-09-29 14:49:28', '2025-09-29 14:49:28'),
(199, 'Buck', 'Heaney', NULL, 21879170, 'frances.parisian@example.net', '2001-01-05', '2023-05-06', 'BSIS', 4, 0, '2025-09-29 14:49:28', '2025-09-29 14:49:28'),
(200, 'Henry', 'Bayer', NULL, 19911652, 'ykunde@example.com', '1998-08-29', '2025-02-24', 'BSCS', 3, 0, '2025-09-29 14:49:28', '2025-09-29 14:49:28'),
(201, 'Trycia', 'Leannon', NULL, 20917290, 'olin.simonis@example.net', '2009-02-06', '2023-06-22', 'BSCE', 4, 1, '2025-09-29 14:49:28', '2025-09-29 14:49:28'),
(202, 'Gilda', 'Skiles', NULL, 20016184, 'alf.kassulke@example.com', '2009-10-24', '2025-02-07', 'BSIS', 1, 0, '2025-09-29 14:49:28', '2025-09-29 14:49:28'),
(203, 'Naomie', 'Deckow', NULL, 20959756, 'gbaumbach@example.org', '2004-09-10', '2022-08-08', 'BSIS', 4, 1, '2025-09-29 14:49:28', '2025-09-29 14:49:28'),
(204, 'Elenor', 'Dickinson', NULL, 20348258, 'adams.velma@example.net', '2009-02-03', '2023-02-27', 'BSCE', 3, 0, '2025-09-29 14:49:28', '2025-09-29 14:49:28'),
(205, 'Damian', 'Boyer', NULL, 21861238, 'loyal31@example.org', '2000-06-28', '2025-07-15', 'BSCE', 3, 1, '2025-09-29 14:49:28', '2025-09-29 14:49:28'),
(206, 'Parker', 'Lubowitz', NULL, 19954900, 'lydia.gerhold@example.org', '1996-05-31', '2025-05-16', 'BSIS', 3, 0, '2025-09-29 14:49:28', '2025-09-29 14:49:28'),
(207, 'Leila', 'Green', NULL, 20359723, 'clay.corwin@example.org', '2000-06-02', '2021-11-03', 'BSIS', 4, 1, '2025-09-29 14:49:28', '2025-09-29 14:49:28'),
(208, 'Jaylon', 'McGlynn', NULL, 19359212, 'charlene36@example.com', '1998-07-13', '2023-08-17', 'BSCE', 2, 1, '2025-09-29 14:49:28', '2025-09-29 14:49:28'),
(209, 'Joanie', 'Wilderman', NULL, 19383415, 'hauck.jaylon@example.com', '2008-09-12', '2023-07-31', 'BSIS', 1, 1, '2025-09-29 14:49:28', '2025-09-29 14:49:28'),
(210, 'Nicklaus', 'Denesik', NULL, 21224587, 'wehner.corine@example.org', '2006-11-07', '2025-02-04', 'BSIS', 2, 0, '2025-09-29 14:49:28', '2025-09-29 14:49:28'),
(211, 'Barton', 'Stoltenberg', NULL, 21946116, 'kassandra.reichel@example.net', '2009-11-16', '2023-01-20', 'BSCS', 3, 1, '2025-09-29 14:49:28', '2025-09-29 14:49:28'),
(212, 'Guido', 'Hills', 'Jr.', 21707249, 'jhand@example.com', '2008-11-15', '2022-02-02', 'BSCE', 4, 1, '2025-09-29 14:49:28', '2025-09-29 14:49:28'),
(213, 'Morris', 'Schimmel', NULL, 21894041, 'uhalvorson@example.com', '2005-02-23', '2023-04-18', 'BSIS', 4, 0, '2025-09-29 14:49:28', '2025-09-29 14:49:28'),
(214, 'Isabel', 'Beatty', NULL, 19229183, 'brooke62@example.com', '2001-03-24', '2022-04-04', 'BSCS', 1, 0, '2025-09-29 14:49:28', '2025-09-29 14:49:28'),
(215, 'Salvatore', 'Sporer', NULL, 20811735, 'fhamill@example.net', '2000-10-04', '2025-02-18', 'BSIS', 2, 0, '2025-09-29 14:49:28', '2025-09-29 14:49:28'),
(216, 'Robert', 'Weimann', NULL, 21972349, 'bridie32@example.net', '2008-03-15', '2022-07-14', 'BSIS', 4, 1, '2025-09-29 14:49:28', '2025-09-29 14:49:28'),
(217, 'Davion', 'McDermott', NULL, 19186582, 'dee67@example.com', '2005-05-20', '2022-01-16', 'BSIS', 4, 1, '2025-09-29 14:49:28', '2025-09-29 14:49:28'),
(218, 'Joanny', 'Haag', NULL, 19483899, 'duncan.rempel@example.org', '2007-09-05', '2024-09-02', 'BSCS', 3, 0, '2025-09-29 14:49:28', '2025-09-29 14:49:28'),
(219, 'Rosario', 'Lowe', NULL, 21188424, 'kulas.jordi@example.org', '1995-12-26', '2023-12-17', 'BSIT', 4, 0, '2025-09-29 14:49:28', '2025-09-29 14:49:28'),
(220, 'Cameron', 'Cormier', 'IV', 20657260, 'king.freeda@example.net', '2006-05-19', '2024-06-20', 'BSIT', 2, 1, '2025-09-29 14:49:28', '2025-09-29 14:49:28'),
(221, 'Laron', 'Corkery', 'Sr.', 21298046, 'summer.ratke@example.org', '2003-12-27', '2023-11-13', 'BSCE', 4, 1, '2025-09-29 14:49:28', '2025-09-29 14:49:28'),
(222, 'Katelynn', 'Russel', NULL, 19056433, 'wanda.rippin@example.net', '2003-09-14', '2022-05-20', 'BSCE', 4, 1, '2025-09-29 14:49:28', '2025-09-29 14:49:28'),
(223, 'Noemie', 'Haag', NULL, 20097806, 'runolfsdottir.eula@example.org', '2009-06-16', '2023-01-14', 'BSIT', 2, 1, '2025-09-29 14:49:28', '2025-09-29 14:49:28'),
(224, 'Keshawn', 'Ondricka', NULL, 20626891, 'coleman89@example.com', '2008-09-26', '2025-03-21', 'BSCE', 4, 1, '2025-09-29 14:49:28', '2025-09-29 14:49:28'),
(225, 'Tabitha', 'Legros', NULL, 19214080, 'jhirthe@example.com', '1997-05-31', '2025-07-21', 'BSIS', 3, 0, '2025-09-29 14:49:28', '2025-09-29 14:49:28'),
(226, 'Cathryn', 'Botsford', NULL, 20510472, 'anjali.glover@example.com', '2010-01-15', '2024-03-21', 'BSIS', 2, 1, '2025-09-29 14:49:28', '2025-09-29 14:49:28'),
(227, 'Susana', 'Donnelly', NULL, 21756035, 'wisozk.gus@example.com', '2001-01-30', '2023-07-17', 'BSIT', 1, 1, '2025-09-29 14:49:28', '2025-09-29 14:49:28'),
(228, 'Geoffrey', 'Schuppe', NULL, 19449922, 'aniyah61@example.com', '2002-08-13', '2023-07-14', 'BSIS', 2, 0, '2025-09-29 14:49:28', '2025-09-29 14:49:28'),
(229, 'Aurelie', 'Mueller', NULL, 21276895, 'florencio73@example.org', '2008-05-14', '2022-07-26', 'BSIS', 3, 1, '2025-09-29 14:49:28', '2025-09-29 14:49:28'),
(230, 'Anthony', 'Gusikowski', NULL, 21922806, 'lindsey.christiansen@example.com', '2007-02-03', '2025-06-01', 'BSIS', 2, 1, '2025-09-29 14:49:28', '2025-09-29 14:49:28'),
(231, 'Murphy', 'Lebsack', NULL, 20438681, 'kankunding@example.com', '1997-12-29', '2023-02-11', 'BSCS', 4, 1, '2025-09-29 14:49:28', '2025-09-29 14:49:28'),
(232, 'Dasia', 'Parisian', NULL, 21926912, 'treva.corkery@example.net', '2003-02-28', '2024-11-06', 'BSIT', 2, 1, '2025-09-29 14:49:28', '2025-09-29 14:49:28'),
(233, 'Hadley', 'Kulas', NULL, 20394912, 'uriel94@example.com', '2008-05-31', '2025-06-13', 'BSCE', 3, 1, '2025-09-29 14:49:28', '2025-09-29 14:49:28'),
(234, 'Jermey', 'Johnson', NULL, 20291839, 'babbott@example.com', '2001-10-05', '2023-05-01', 'BSCE', 1, 1, '2025-09-29 14:49:28', '2025-09-29 14:49:28'),
(235, 'Germaine', 'Ryan', NULL, 19382441, 'hoeger.giles@example.com', '2008-03-31', '2022-10-06', 'BSIT', 3, 1, '2025-09-29 14:49:28', '2025-09-29 14:49:28'),
(236, 'Zelma', 'Langworth', NULL, 21421282, 'tdickens@example.org', '1998-02-06', '2022-01-04', 'BSCS', 2, 1, '2025-09-29 14:49:28', '2025-09-29 14:49:28'),
(237, 'Ansley', 'McClure', NULL, 19259205, 'bernadine.parisian@example.org', '2007-09-03', '2024-09-02', 'BSIS', 1, 1, '2025-09-29 14:49:28', '2025-09-29 14:49:28'),
(238, 'Lane', 'Harber', NULL, 20082875, 'florian.johnston@example.net', '2001-11-30', '2025-01-04', 'BSIS', 2, 1, '2025-09-29 14:49:28', '2025-09-29 14:49:28'),
(239, 'Fabiola', 'Wuckert', NULL, 19003718, 'jovani.friesen@example.com', '2008-05-17', '2022-12-28', 'BSIT', 1, 0, '2025-09-29 14:49:28', '2025-09-29 14:49:28'),
(240, 'Tanner', 'Halvorson', NULL, 20353386, 'hickle.sven@example.com', '2001-06-10', '2023-03-02', 'BSCS', 2, 1, '2025-09-29 14:49:28', '2025-09-29 14:49:28'),
(241, 'Margot', 'Cummerata', NULL, 21290874, 'armstrong.abdullah@example.org', '1996-02-22', '2025-06-12', 'BSIS', 2, 0, '2025-09-29 14:49:28', '2025-09-29 14:49:28'),
(242, 'Manuel', 'Oberbrunner', NULL, 19769604, 'sincere.turner@example.org', '2002-02-11', '2022-05-13', 'BSIS', 1, 1, '2025-09-29 14:49:28', '2025-09-29 14:49:28'),
(243, 'Elda', 'Lueilwitz', 'Sr.', 19302223, 'vada32@example.com', '2000-05-17', '2022-05-01', 'BSCE', 4, 1, '2025-09-29 14:49:28', '2025-09-29 14:49:28'),
(244, 'Jadyn', 'Stark', NULL, 21118916, 'kacey.mclaughlin@example.com', '2001-01-09', '2023-08-13', 'BSCE', 1, 1, '2025-09-29 14:49:28', '2025-09-29 14:49:28'),
(245, 'Nasir', 'Jacobi', NULL, 21222472, 'zachariah59@example.org', '1999-12-31', '2024-11-21', 'BSIS', 2, 1, '2025-09-29 14:49:28', '2025-09-29 14:49:28'),
(246, 'Nayeli', 'Schoen', NULL, 20433824, 'torrey04@example.net', '1996-03-20', '2022-11-05', 'BSIT', 2, 0, '2025-09-29 14:49:28', '2025-09-29 14:49:28'),
(247, 'Lynn', 'Schimmel', NULL, 19204556, 'alexanne99@example.net', '1995-11-05', '2024-06-21', 'BSCE', 4, 1, '2025-09-29 14:49:28', '2025-09-29 14:49:28'),
(248, 'Orlando', 'Raynor', NULL, 20866178, 'ghansen@example.net', '2001-12-15', '2022-08-16', 'BSIT', 4, 0, '2025-09-29 14:49:28', '2025-09-29 14:49:28'),
(249, 'Lucy', 'Kunze', NULL, 21660499, 'mernser@example.net', '1998-08-21', '2024-11-27', 'BSIS', 3, 1, '2025-09-29 14:49:28', '2025-09-29 14:49:28'),
(250, 'Roberta', 'Maggio', NULL, 21103640, 'vallie.upton@example.net', '2001-11-07', '2025-06-25', 'BSIT', 3, 1, '2025-09-29 14:49:28', '2025-09-29 14:49:28'),
(251, 'Garth', 'Mayer', NULL, 21847834, 'ankunding.kirsten@example.com', '2008-07-30', '2025-01-21', 'BSIS', 4, 1, '2025-09-29 14:49:28', '2025-09-29 14:49:28'),
(252, 'Petra', 'Hettinger', NULL, 20958951, 'ryan.martina@example.org', '1999-05-16', '2022-02-03', 'BSIT', 4, 0, '2025-09-29 14:49:28', '2025-09-29 14:49:28'),
(253, 'Eliseo', 'Daniel', NULL, 20865263, 'ardella.hoeger@example.net', '2005-01-21', '2022-02-09', 'BSIS', 3, 1, '2025-09-29 14:49:28', '2025-09-29 14:49:28'),
(254, 'Cleora', 'Lubowitz', NULL, 21637840, 'zokuneva@example.org', '2000-07-24', '2023-05-07', 'BSCE', 4, 1, '2025-09-29 14:49:28', '2025-09-29 14:49:28'),
(255, 'Lenora', 'Mertz', NULL, 21702262, 'luna.shanahan@example.net', '1998-10-19', '2024-08-04', 'BSCE', 2, 1, '2025-09-29 14:49:28', '2025-09-29 14:49:28'),
(256, 'Emmet', 'Bode', NULL, 21828029, 'sanford.jakayla@example.net', '1996-06-01', '2025-09-15', 'BSIT', 3, 0, '2025-09-29 14:49:28', '2025-09-29 14:49:28'),
(257, 'Jaime', 'Connelly', NULL, 19118237, 'fklein@example.org', '1998-08-22', '2024-05-18', 'BSCE', 3, 0, '2025-09-29 14:49:28', '2025-09-29 14:49:28'),
(258, 'Nash', 'O\'Kon', NULL, 19401602, 'rollin85@example.net', '2007-11-23', '2022-04-02', 'BSCE', 1, 0, '2025-09-29 14:49:28', '2025-09-29 14:49:28'),
(259, 'Cooper', 'Bruen', NULL, 21574327, 'agustina13@example.net', '1999-03-06', '2024-12-31', 'BSCS', 4, 1, '2025-09-29 14:49:28', '2025-09-29 14:49:28'),
(260, 'Jaydon', 'Monahan', NULL, 19193288, 'bauch.estel@example.net', '2000-10-08', '2023-06-10', 'BSIS', 1, 1, '2025-09-29 14:49:28', '2025-09-29 14:49:28'),
(261, 'Delia', 'Kassulke', NULL, 19576682, 'prudence.windler@example.net', '1998-10-08', '2022-04-27', 'BSCS', 3, 1, '2025-09-29 14:49:28', '2025-09-29 14:49:28'),
(262, 'Angie', 'Trantow', NULL, 21504986, 'gaylord.grant@example.net', '1998-01-12', '2023-03-15', 'BSCE', 1, 1, '2025-09-29 14:49:28', '2025-09-29 14:49:28'),
(263, 'Mavis', 'McGlynn', NULL, 19705992, 'annette.yost@example.net', '2000-03-31', '2022-07-24', 'BSIT', 2, 0, '2025-09-29 14:49:28', '2025-09-29 14:49:28'),
(264, 'Caden', 'Kirlin', NULL, 21988692, 'maiya60@example.org', '2002-01-31', '2023-02-17', 'BSCS', 1, 0, '2025-09-29 14:49:28', '2025-09-29 14:49:28'),
(265, 'Leonel', 'Senger', NULL, 19130234, 'bbogan@example.com', '2004-10-16', '2025-07-12', 'BSCE', 4, 1, '2025-09-29 14:49:28', '2025-09-29 14:49:28'),
(266, 'Evie', 'Skiles', 'Jr.', 19645604, 'rboyer@example.org', '1996-03-13', '2022-01-17', 'BSIS', 1, 0, '2025-09-29 14:49:28', '2025-09-29 14:49:28'),
(267, 'Irma', 'Stracke', NULL, 19563892, 'carli85@example.net', '2000-12-29', '2023-12-12', 'BSCS', 3, 0, '2025-09-29 14:49:29', '2025-09-29 14:49:29'),
(268, 'Eliezer', 'Fay', NULL, 19003059, 'dkeebler@example.net', '2003-12-06', '2022-11-02', 'BSIS', 2, 1, '2025-09-29 14:49:29', '2025-09-29 14:49:29'),
(269, 'Mckenna', 'Schmeler', NULL, 20643490, 'newton.treutel@example.net', '2008-09-30', '2023-06-15', 'BSIS', 4, 1, '2025-09-29 14:49:29', '2025-09-29 14:49:29'),
(270, 'Maiya', 'Wolff', NULL, 20435720, 'rylee.harber@example.com', '2004-04-17', '2024-02-14', 'BSIT', 2, 1, '2025-09-29 14:49:29', '2025-09-29 14:49:29'),
(271, 'Devan', 'Bosco', NULL, 19999980, 'hbosco@example.net', '1997-02-13', '2022-01-03', 'BSIS', 2, 1, '2025-09-29 14:49:29', '2025-09-29 14:49:29'),
(272, 'Roscoe', 'Kuvalis', NULL, 19448104, 'pagac.jerad@example.com', '2003-04-02', '2025-02-14', 'BSCE', 2, 1, '2025-09-29 14:49:29', '2025-09-29 14:49:29'),
(273, 'Edgar', 'McGlynn', NULL, 19287902, 'major11@example.net', '2003-10-19', '2022-03-17', 'BSIT', 2, 0, '2025-09-29 14:49:29', '2025-09-29 14:49:29'),
(274, 'Allene', 'McGlynn', NULL, 21469115, 'lklein@example.org', '1999-04-12', '2024-02-26', 'BSIT', 2, 0, '2025-09-29 14:49:29', '2025-09-29 14:49:29'),
(275, 'Gilda', 'Bashirian', NULL, 21712207, 'jeramie26@example.com', '1997-12-08', '2022-06-11', 'BSCS', 1, 0, '2025-09-29 14:49:29', '2025-09-29 14:49:29'),
(276, 'Kelsie', 'Funk', NULL, 20459756, 'jessica.hackett@example.net', '2003-08-08', '2024-05-04', 'BSCE', 3, 1, '2025-09-29 14:49:29', '2025-09-29 14:49:29'),
(277, 'Stephan', 'Keebler', 'Jr.', 21420796, 'condricka@example.org', '2000-01-30', '2024-04-28', 'BSIT', 2, 0, '2025-09-29 14:49:29', '2025-09-29 14:49:29'),
(278, 'Donald', 'Ebert', NULL, 19540855, 'mckenzie.selmer@example.org', '2000-08-02', '2022-04-30', 'BSCE', 1, 1, '2025-09-29 14:49:29', '2025-09-29 14:49:29'),
(279, 'Kaci', 'Ortiz', NULL, 20589897, 'joan.kessler@example.com', '2010-06-20', '2025-07-10', 'BSCE', 3, 1, '2025-09-29 14:49:29', '2025-09-29 14:49:29'),
(280, 'Neva', 'Funk', NULL, 19210707, 'sierra.jerde@example.org', '1997-12-19', '2024-02-27', 'BSCS', 1, 0, '2025-09-29 14:49:29', '2025-09-29 14:49:29'),
(281, 'Ali', 'Oberbrunner', NULL, 21963866, 'white.madilyn@example.net', '2002-05-05', '2022-06-10', 'BSCS', 3, 0, '2025-09-29 14:49:29', '2025-09-29 14:49:29'),
(282, 'Maribel', 'Yost', NULL, 19961291, 'alverta.johnson@example.com', '2004-04-24', '2023-01-17', 'BSCS', 2, 1, '2025-09-29 14:49:29', '2025-09-29 14:49:29'),
(283, 'Krystal', 'Rosenbaum', NULL, 21858737, 'dullrich@example.com', '2010-05-04', '2022-12-13', 'BSCS', 2, 0, '2025-09-29 14:49:29', '2025-09-29 14:49:29'),
(284, 'Bethel', 'Grimes', NULL, 21905943, 'cruecker@example.com', '2009-11-05', '2022-11-28', 'BSIT', 2, 1, '2025-09-29 14:49:29', '2025-09-29 14:49:29'),
(285, 'Bethany', 'Schroeder', NULL, 20422495, 'wilhelmine.herzog@example.com', '1996-08-11', '2024-04-13', 'BSCS', 4, 1, '2025-09-29 14:49:29', '2025-09-29 14:49:29'),
(286, 'Irving', 'Collins', NULL, 19134847, 'zjones@example.org', '2003-07-19', '2022-02-13', 'BSCE', 4, 1, '2025-09-29 14:49:29', '2025-09-29 14:49:29'),
(287, 'Norris', 'King', NULL, 20343712, 'kkoss@example.org', '1997-12-14', '2024-04-16', 'BSCS', 4, 0, '2025-09-29 14:49:29', '2025-09-29 14:49:29'),
(288, 'Abbigail', 'Walsh', 'Jr.', 19606328, 'freddy.okuneva@example.org', '2008-02-03', '2025-06-28', 'BSIT', 2, 0, '2025-09-29 14:49:29', '2025-09-29 14:49:29'),
(289, 'Peter', 'Shields', NULL, 19417377, 'adele09@example.com', '1998-02-23', '2025-01-18', 'BSIS', 4, 0, '2025-09-29 14:49:29', '2025-09-29 14:49:29'),
(290, 'Rogelio', 'Mueller', NULL, 19058070, 'mhahn@example.com', '1999-04-12', '2022-06-03', 'BSCE', 1, 1, '2025-09-29 14:49:29', '2025-09-29 14:49:29'),
(291, 'Colin', 'Runolfsson', NULL, 21816572, 'torphy.jaunita@example.org', '2002-08-19', '2024-02-09', 'BSCS', 2, 1, '2025-09-29 14:49:29', '2025-09-29 14:49:29'),
(292, 'Cassandre', 'Marvin', NULL, 19987264, 'marvin.leif@example.org', '2002-02-18', '2021-11-10', 'BSCE', 2, 1, '2025-09-29 14:49:29', '2025-09-29 14:49:29'),
(293, 'Josie', 'Paucek', NULL, 19707102, 'marie.heathcote@example.com', '2009-12-10', '2022-01-03', 'BSIT', 3, 1, '2025-09-29 14:49:29', '2025-09-29 14:49:29'),
(294, 'Carlie', 'Von', NULL, 20862852, 'fcarter@example.org', '2000-05-22', '2023-02-16', 'BSCS', 2, 0, '2025-09-29 14:49:29', '2025-09-29 14:49:29'),
(295, 'Cullen', 'Kulas', NULL, 21055939, 'von.laury@example.com', '2004-02-02', '2022-10-16', 'BSCE', 3, 1, '2025-09-29 14:49:29', '2025-09-29 14:49:29'),
(296, 'Ashley', 'Collier', NULL, 21142628, 'roscoe56@example.org', '1998-01-21', '2022-06-04', 'BSCS', 2, 1, '2025-09-29 14:49:29', '2025-09-29 14:49:29'),
(297, 'Isadore', 'Kuhic', NULL, 21521827, 'rippin.kareem@example.com', '2007-12-08', '2025-08-23', 'BSCE', 4, 1, '2025-09-29 14:49:29', '2025-09-29 14:49:29'),
(298, 'Lindsey', 'Crona', NULL, 19042549, 'sawayn.justina@example.org', '2003-08-18', '2023-08-18', 'BSIT', 1, 0, '2025-09-29 14:49:29', '2025-09-29 14:49:29'),
(299, 'Filomena', 'Heathcote', NULL, 19152067, 'lowell92@example.net', '1998-06-19', '2022-02-07', 'BSCE', 2, 1, '2025-09-29 14:49:29', '2025-09-29 14:49:29'),
(300, 'Larissa', 'Dietrich', 'V', 19186247, 'wleuschke@example.org', '2002-11-02', '2022-12-17', 'BSCS', 4, 0, '2025-09-29 14:49:29', '2025-09-29 14:49:29');

-- --------------------------------------------------------

--
-- Table structure for table `migrations`
--

CREATE TABLE `migrations` (
  `id` int(10) UNSIGNED NOT NULL,
  `migration` varchar(255) NOT NULL,
  `batch` int(11) NOT NULL
) ENGINE=InnoDB DEFAULT CHARSET=utf8mb4 COLLATE=utf8mb4_unicode_ci;

--
-- Dumping data for table `migrations`
--

INSERT INTO `migrations` (`id`, `migration`, `batch`) VALUES
(1, '0001_01_01_000000_create_users_table', 1),
(2, '0001_01_01_000001_create_cache_table', 1),
(3, '0001_01_01_000002_create_jobs_table', 1),
(4, '2025_09_24_070730_create_personal_access_tokens_table', 1),
(5, '2025_09_28_151033_create_members_table', 1),
(6, '2025_09_29_204350_create_events_table', 1);

-- --------------------------------------------------------

--
-- Table structure for table `password_reset_tokens`
--

CREATE TABLE `password_reset_tokens` (
  `email` varchar(255) NOT NULL,
  `token` varchar(255) NOT NULL,
  `created_at` timestamp NULL DEFAULT NULL
) ENGINE=InnoDB DEFAULT CHARSET=utf8mb4 COLLATE=utf8mb4_unicode_ci;

-- --------------------------------------------------------

--
-- Table structure for table `personal_access_tokens`
--

CREATE TABLE `personal_access_tokens` (
  `id` bigint(20) UNSIGNED NOT NULL,
  `tokenable_type` varchar(255) NOT NULL,
  `tokenable_id` bigint(20) UNSIGNED NOT NULL,
  `name` text NOT NULL,
  `token` varchar(64) NOT NULL,
  `abilities` text DEFAULT NULL,
  `last_used_at` timestamp NULL DEFAULT NULL,
  `expires_at` timestamp NULL DEFAULT NULL,
  `created_at` timestamp NULL DEFAULT NULL,
  `updated_at` timestamp NULL DEFAULT NULL
) ENGINE=InnoDB DEFAULT CHARSET=utf8mb4 COLLATE=utf8mb4_unicode_ci;

-- --------------------------------------------------------

--
-- Table structure for table `programs`
--

CREATE TABLE `programs` (
  `code` varchar(255) NOT NULL,
  `name` varchar(255) NOT NULL,
  `created_at` timestamp NULL DEFAULT NULL,
  `updated_at` timestamp NULL DEFAULT NULL
) ENGINE=InnoDB DEFAULT CHARSET=utf8mb4 COLLATE=utf8mb4_unicode_ci;

--
-- Dumping data for table `programs`
--

INSERT INTO `programs` (`code`, `name`, `created_at`, `updated_at`) VALUES
('BSCE', 'Bachelor of Science in Computer Engineering', '2025-09-29 14:49:27', '2025-09-29 14:49:27'),
('BSCS', 'Bachelor of Science in Computer Science', '2025-09-29 14:49:27', '2025-09-29 14:49:27'),
('BSIS', 'Bachelor of Science in Information Systems', '2025-09-29 14:49:27', '2025-09-29 14:49:27'),
('BSIT', 'Bachelor of Science in Information Technology', '2025-09-29 14:49:27', '2025-09-29 14:49:27');

-- --------------------------------------------------------

--
-- Table structure for table `sessions`
--

CREATE TABLE `sessions` (
  `id` varchar(255) NOT NULL,
  `user_id` bigint(20) UNSIGNED DEFAULT NULL,
  `ip_address` varchar(45) DEFAULT NULL,
  `user_agent` text DEFAULT NULL,
  `payload` longtext NOT NULL,
  `last_activity` int(11) NOT NULL
) ENGINE=InnoDB DEFAULT CHARSET=utf8mb4 COLLATE=utf8mb4_unicode_ci;

-- --------------------------------------------------------

--
-- Table structure for table `users`
--

CREATE TABLE `users` (
  `id` bigint(20) UNSIGNED NOT NULL,
  `name` varchar(255) NOT NULL,
  `email` varchar(255) NOT NULL,
  `email_verified_at` timestamp NULL DEFAULT NULL,
  `firebase_uid` varchar(255) DEFAULT NULL,
  `id_school_number` int(10) UNSIGNED NOT NULL,
  `password` varchar(255) NOT NULL,
  `role` enum('user','admin','guest') NOT NULL DEFAULT 'user',
  `remember_token` varchar(100) DEFAULT NULL,
  `created_at` timestamp NULL DEFAULT NULL,
  `updated_at` timestamp NULL DEFAULT NULL
) ENGINE=InnoDB DEFAULT CHARSET=utf8mb4 COLLATE=utf8mb4_unicode_ci;

--
-- Dumping data for table `users`
--

INSERT INTO `users` (`id`, `name`, `email`, `email_verified_at`, `firebase_uid`, `id_school_number`, `password`, `role`, `remember_token`, `created_at`, `updated_at`) VALUES
(1, 'ADMIN', 'admin@example.com', '2025-09-29 14:49:27', 'firebase_s5Tsls1eTt', 19167933, '$2y$12$MFSDVkZ1NEmdIQECvrHx6e4PaL9WsUQLIoL4oZ1nvFK2LSFV3sJbi', 'admin', '6hkTF14My3', '2025-09-29 14:49:27', '2025-09-29 14:49:27'),
(2, 'ADMIN ADMIN', 'admin@admin.com', NULL, 'efeSBgHIWvYW53zajIYOl6cUUxv1', 20200937, '$2y$12$tudgH.SfEePk9e0NitNh3udDZiw5gF3yk5EwHHi/7xhgk4MHmWE1G', 'user', NULL, '2025-09-29 14:50:02', '2025-09-29 14:50:02');

--
-- Indexes for dumped tables
--

--
-- Indexes for table `cache`
--
ALTER TABLE `cache`
  ADD PRIMARY KEY (`key`);

--
-- Indexes for table `cache_locks`
--
ALTER TABLE `cache_locks`
  ADD PRIMARY KEY (`key`);

--
-- Indexes for table `events`
--
ALTER TABLE `events`
  ADD PRIMARY KEY (`id`);

--
-- Indexes for table `event_registrations`
--
ALTER TABLE `event_registrations`
  ADD PRIMARY KEY (`id`),
  ADD UNIQUE KEY `event_registrations_event_id_member_id_unique` (`event_id`,`member_id`),
  ADD KEY `event_registrations_member_id_foreign` (`member_id`);

--
-- Indexes for table `failed_jobs`
--
ALTER TABLE `failed_jobs`
  ADD PRIMARY KEY (`id`),
  ADD UNIQUE KEY `failed_jobs_uuid_unique` (`uuid`);

--
-- Indexes for table `jobs`
--
ALTER TABLE `jobs`
  ADD PRIMARY KEY (`id`),
  ADD KEY `jobs_queue_index` (`queue`);

--
-- Indexes for table `job_batches`
--
ALTER TABLE `job_batches`
  ADD PRIMARY KEY (`id`);

--
-- Indexes for table `members`
--
ALTER TABLE `members`
  ADD PRIMARY KEY (`id`),
  ADD UNIQUE KEY `members_id_school_number_unique` (`id_school_number`),
  ADD UNIQUE KEY `members_email_unique` (`email`),
  ADD KEY `members_program_foreign` (`program`);

--
-- Indexes for table `migrations`
--
ALTER TABLE `migrations`
  ADD PRIMARY KEY (`id`);

--
-- Indexes for table `password_reset_tokens`
--
ALTER TABLE `password_reset_tokens`
  ADD PRIMARY KEY (`email`);

--
-- Indexes for table `personal_access_tokens`
--
ALTER TABLE `personal_access_tokens`
  ADD PRIMARY KEY (`id`),
  ADD UNIQUE KEY `personal_access_tokens_token_unique` (`token`),
  ADD KEY `personal_access_tokens_tokenable_type_tokenable_id_index` (`tokenable_type`,`tokenable_id`),
  ADD KEY `personal_access_tokens_expires_at_index` (`expires_at`);

--
-- Indexes for table `programs`
--
ALTER TABLE `programs`
  ADD PRIMARY KEY (`code`);

--
-- Indexes for table `sessions`
--
ALTER TABLE `sessions`
  ADD PRIMARY KEY (`id`),
  ADD KEY `sessions_user_id_index` (`user_id`),
  ADD KEY `sessions_last_activity_index` (`last_activity`);

--
-- Indexes for table `users`
--
ALTER TABLE `users`
  ADD PRIMARY KEY (`id`),
  ADD UNIQUE KEY `users_email_unique` (`email`),
  ADD UNIQUE KEY `users_id_school_number_unique` (`id_school_number`),
  ADD UNIQUE KEY `users_firebase_uid_unique` (`firebase_uid`);

--
-- AUTO_INCREMENT for dumped tables
--

--
-- AUTO_INCREMENT for table `events`
--
ALTER TABLE `events`
  MODIFY `id` bigint(20) UNSIGNED NOT NULL AUTO_INCREMENT;

--
-- AUTO_INCREMENT for table `event_registrations`
--
ALTER TABLE `event_registrations`
  MODIFY `id` bigint(20) UNSIGNED NOT NULL AUTO_INCREMENT, AUTO_INCREMENT=168;

--
-- AUTO_INCREMENT for table `failed_jobs`
--
ALTER TABLE `failed_jobs`
  MODIFY `id` bigint(20) UNSIGNED NOT NULL AUTO_INCREMENT;

--
-- AUTO_INCREMENT for table `jobs`
--
ALTER TABLE `jobs`
  MODIFY `id` bigint(20) UNSIGNED NOT NULL AUTO_INCREMENT;

--
-- AUTO_INCREMENT for table `members`
--
ALTER TABLE `members`
  MODIFY `id` bigint(20) UNSIGNED NOT NULL AUTO_INCREMENT;

--
-- AUTO_INCREMENT for table `migrations`
--
ALTER TABLE `migrations`
  MODIFY `id` int(10) UNSIGNED NOT NULL AUTO_INCREMENT, AUTO_INCREMENT=7;

--
-- AUTO_INCREMENT for table `personal_access_tokens`
--
ALTER TABLE `personal_access_tokens`
  MODIFY `id` bigint(20) UNSIGNED NOT NULL AUTO_INCREMENT;

--
-- AUTO_INCREMENT for table `users`
--
ALTER TABLE `users`
  MODIFY `id` bigint(20) UNSIGNED NOT NULL AUTO_INCREMENT, AUTO_INCREMENT=3;

--
-- Constraints for dumped tables
--

--
-- Constraints for table `event_registrations`
--
ALTER TABLE `event_registrations`
  ADD CONSTRAINT `event_registrations_event_id_foreign` FOREIGN KEY (`event_id`) REFERENCES `events` (`id`) ON DELETE CASCADE,
  ADD CONSTRAINT `event_registrations_member_id_foreign` FOREIGN KEY (`member_id`) REFERENCES `members` (`id`) ON DELETE CASCADE;

-- --------------------------------------------------------

--
-- Table structure for table `requirements`
--

CREATE TABLE `requirements` (
  `id` bigint(20) UNSIGNED NOT NULL AUTO_INCREMENT PRIMARY KEY,
  `name` varchar(255) NOT NULL,
  `description` text DEFAULT NULL,
  `status` enum('open','closed','archived') NOT NULL DEFAULT 'open',
  `requirement_date` date NOT NULL,
  `created_at` timestamp NULL DEFAULT CURRENT_TIMESTAMP,
  `updated_at` timestamp NULL DEFAULT CURRENT_TIMESTAMP ON UPDATE CURRENT_TIMESTAMP
) ENGINE=InnoDB DEFAULT CHARSET=utf8mb4 COLLATE=utf8mb4_unicode_ci;

--
-- Dumping data for table `requirements`
--

INSERT INTO `requirements` (`name`, `description`, `status`, `requirement_date`) VALUES
(1, 'Good Moral Certificate', 'Character clearance from previous institution or employer', 'open', '2025-10-28'),
(2, 'Transcript of Records', 'Official transcript showing academic performance and grades', 'open', '2025-10-28'),
(3, 'Birth Certificate', 'Certified copy of birth certificate (original or photocopy)', 'open', '2025-10-28'),
(4, 'Medical Certificate', 'Health examination clearance from a licensed physician', 'open', '2025-10-30'),
(5, 'Valid ID Submission', 'Any valid government-issued identification document', 'closed', '2025-09-30'),
(6, 'Proof of Residency', 'Recent utility bill or lease agreement showing current address', 'open', '2025-11-15'),
(7, 'NBI Clearance', 'National Bureau of Investigation clearance certificate', 'open', '2025-11-20');

-- --------------------------------------------------------

--
-- Table structure for table `requirements_compliance`
--

CREATE TABLE `requirements_compliance` (
  `id` bigint(20) UNSIGNED NOT NULL AUTO_INCREMENT PRIMARY KEY,
  `requirement_id` bigint(20) UNSIGNED NOT NULL,
  `member_id` bigint(20) UNSIGNED NOT NULL,
  `compliance_status` enum('complied','not_complied','pending') NOT NULL DEFAULT 'pending',
  `submitted_at` timestamp NOT NULL DEFAULT CURRENT_TIMESTAMP,
  `created_at` timestamp NULL DEFAULT CURRENT_TIMESTAMP,
  `updated_at` timestamp NULL DEFAULT CURRENT_TIMESTAMP ON UPDATE CURRENT_TIMESTAMP,
  KEY `idx_requirement_id` (`requirement_id`),
  KEY `idx_member_id` (`member_id`),
  FOREIGN KEY (`requirement_id`) REFERENCES `requirements`(`id`) ON DELETE CASCADE,
  FOREIGN KEY (`member_id`) REFERENCES `members`(`id`) ON DELETE CASCADE
) ENGINE=InnoDB DEFAULT CHARSET=utf8mb4 COLLATE=utf8mb4_unicode_ci;

--
-- Dumping data for table `requirements_compliance`
--

INSERT INTO `requirements_compliance` (`requirement_id`, `member_id`, `compliance_status`, `submitted_at`) VALUES
(1, 1, 'complied', '2025-09-15 10:00:00'),
(1, 2, 'complied', '2025-09-18 14:30:00'),
(1, 3, 'not_complied', '2025-09-20 09:00:00'),
(1, 4, 'pending', '2025-09-21 08:00:00'),
(1, 5, 'complied', '2025-09-22 11:15:00'),
(2, 1, 'complied', '2025-09-16 08:45:00'),
(2, 2, 'pending', '2025-09-20 12:00:00'),
(2, 3, 'complied', '2025-09-19 15:20:00'),
(2, 4, 'complied', '2025-09-21 10:00:00'),
(2, 5, 'not_complied', '2025-09-23 13:45:00'),
(3, 1, 'pending', '2025-09-25 09:00:00'),
(3, 2, 'complied', '2025-09-17 12:00:00'),
(3, 3, 'complied', '2025-09-18 16:30:00'),
(3, 4, 'not_complied', '2025-09-24 09:15:00'),
(3, 5, 'complied', '2025-09-20 14:00:00'),
(4, 1, 'complied', '2025-09-25 10:30:00'),
(4, 2, 'complied', '2025-09-26 11:00:00'),
(4, 3, 'pending', '2025-09-27 13:00:00'),
(4, 4, 'complied', '2025-09-27 15:45:00'),
(4, 5, 'pending', '2025-09-28 10:00:00'),
(5, 1, 'complied', '2025-09-10 09:00:00'),
(5, 2, 'complied', '2025-09-11 10:30:00'),
(5, 3, 'complied', '2025-09-12 14:00:00'),
(5, 4, 'complied', '2025-09-13 16:45:00'),
(5, 5, 'complied', '2025-09-14 11:20:00');

-- --------------------------------------------------------

--
-- Constraints for table `members`
--
ALTER TABLE `members`
  ADD CONSTRAINT `members_program_foreign` FOREIGN KEY (`program`) REFERENCES `programs` (`code`);
COMMIT;

/*!40101 SET CHARACTER_SET_CLIENT=@OLD_CHARACTER_SET_CLIENT */;
/*!40101 SET CHARACTER_SET_RESULTS=@OLD_CHARACTER_SET_RESULTS */;
/*!40101 SET COLLATION_CONNECTION=@OLD_COLLATION_CONNECTION */;
